feature,log2FC,pval,qval
EC4-1-2-29,5.193333049,1.45E-11,2.82E-08
EC2-7-1-15,1.997514724,1.09E-10,1.06E-07
EC5-4-99-62,3.332978813,2.67E-10,1.73E-07
EC4-3-1-15,2.631498837,8.38E-10,4.07E-07
EC1-12-1-3,4.606896218,2.22E-09,6.07E-07
EC1-2-7-4,2.330910757,3.13E-09,6.07E-07
EC2-1-1-151,2.446278958,1.97E-09,6.07E-07
EC2-7-1-100,3.494537134,3.11E-09,6.07E-07
EC2-9-1-1,2.037834819,2.71E-09,6.07E-07
EC4-2-1-30,4.053323603,2.34E-09,6.07E-07
EC6-3-2-12,3.729520353,6.83E-09,1.21E-06
EC1-1-1-201,5.019907148,2.04E-08,3.30E-06
EC1-17-4-1,1.509842791,2.79E-08,4.14E-06
EC6-3-4-14,1.264026866,2.99E-08,4.14E-06
EC3-6-3-17,1.523942129,4.05E-08,5.25E-06
EC3-5-4-3,2.38014385,7.34E-08,8.39E-06
EC3-6-3-2,3.118725189,7.31E-08,8.39E-06
EC3-5-1-28,0.975005103,1.06E-07,1.14E-05
EC1-5-1-3,1.073097907,1.75E-07,1.79E-05
EC1-1-1-103,1.838107924,2.09E-07,1.93E-05
EC6-4-1-2,1.328750545,2.01E-07,1.93E-05
EC1-1-1-393,4.948180271,2.56E-07,2.26E-05
EC1-2-1-10,4.546274601,2.81E-07,2.37E-05
EC4-2-2-9,-3.47429152,3.96E-07,3.18E-05
EC5-1-1-13,3.178319899,4.09E-07,3.18E-05
EC1-11-1-6,1.81662763,5.57E-07,4.07E-05
EC4-2-1-151,-2.424355177,5.65E-07,4.07E-05
EC1-8-1-9,0.682350676,9.49E-07,6.59E-05
EC2-5-1-17,1.387319019,1.09E-06,7.29E-05
EC2-7-1-30,0.501660476,1.40E-06,9.05E-05
EC2-7-1-69,1.802146238,1.57E-06,9.84E-05
EC4-1-99-19,1.335632754,1.87E-06,0.000113331
EC2-6-1-21,3.457257101,2.04E-06,0.000120005
EC1-2-99-7,1.580967098,2.19E-06,0.000122841
EC3-1-5-1,1.953666143,2.32E-06,0.000122841
EC4-2-1-28,3.969175415,2.30E-06,0.000122841
EC6-3-5-4,1.343773748,2.34E-06,0.000122841
EC3-4-13-9,1.483385928,2.60E-06,0.000132972
EC5-5-1-1,-4.172820176,3.07E-06,0.000153153
EC2-4-2-2,2.702760908,3.23E-06,0.000153276
EC3-5-1-47,2.978179863,3.22E-06,0.000153276
EC2-3-1-89,1.810130229,3.73E-06,0.000172426
EC3-6-3-31,0.385633581,4.97E-06,0.000224418
EC1-1-3-15,1.9202965,5.51E-06,0.000238913
EC2-2-1-2,1.040783965,5.53E-06,0.000238913
EC3-5-1-4,3.034304383,6.68E-06,0.000276082
EC3-5-2-10,2.352813441,6.59E-06,0.000276082
EC1-1-1-1,1.215581143,7.62E-06,0.00030861
EC4-1-1-83,1.758425421,8.33E-06,0.000330366
EC1-1-1-61,4.193763158,9.39E-06,0.000365008
EC5-1-3-32,2.180471223,1.07E-05,0.000406193
EC4-1-1-44,4.297646933,1.09E-05,0.000407114
EC6-2-1-26,3.708393893,1.19E-05,0.000436022
EC1-1-1-130,4.00976745,1.25E-05,0.000444728
EC2-7-7-77,1.638095024,1.26E-05,0.000444728
EC3-4-21-107,1.809647907,1.32E-05,0.000459248
EC1-3-1-76,1.008953825,1.46E-05,0.000496993
EC3-5-2-6,1.131530222,1.48E-05,0.000496993
EC1-1-1-6,1.60382539,1.64E-05,0.00053627
EC3-1-3-6,3.791700743,1.66E-05,0.00053627
EC4-99-1-1,3.403720008,1.68E-05,0.000536476
EC2-7-1-17,0.987780514,1.95E-05,0.000612458
EC2-5-1-61,1.07601473,2.10E-05,0.000638211
EC3-5-1-5,1.790955126,2.10E-05,0.000638211
EC2-3-2-18,1.575660108,2.16E-05,0.000644382
EC3-2-1-35,3.227808618,2.37E-05,0.000684094
EC3-4-17-13,1.655181768,2.36E-05,0.000684094
EC3-5-2-2,2.845858761,2.45E-05,0.000684094
EC4-1-1-37,3.193229875,2.46E-05,0.000684094
EC5-1-3-22,3.08613368,2.40E-05,0.000684094
EC5-4-1-2,-2.545835988,2.73E-05,0.000747627
EC3-5-4-4,2.830261071,2.95E-05,0.000796011
EC2-3-1-16,3.566471615,3.02E-05,0.000803344
EC3-1-8-1,3.723980116,3.15E-05,0.000826062
EC3-2-1-122,3.195334597,3.49E-05,0.00090314
EC3-6-3-14,1.001821514,3.74E-05,0.000955591
EC2-1-1-130,1.549800843,4.17E-05,0.001040009
EC2-7-8-31,2.020227537,4.18E-05,0.001040009
EC4-1-2-20,4.295968893,4.28E-05,0.001053653
EC1-1-1-405,-2.361624914,4.46E-05,0.001083887
EC1-12-7-2,1.370495388,4.71E-05,0.001089304
EC1-18-1-1,5.038850546,4.65E-05,0.001089304
EC3-4-21-62,-2.629338721,4.71E-05,0.001089304
EC6-2-1-13,-1.496352154,4.61E-05,0.001089304
EC2-1-1-192,0.907212151,4.77E-05,0.001090669
EC2-4-1-83,3.348614148,5.01E-05,0.001107311
EC2-5-1-48,2.015086357,5.01E-05,0.001107311
EC3-5-1-81,2.993611039,5.02E-05,0.001107311
EC3-5-1-91,1.965329996,5.28E-05,0.001121326
EC3-5-3-7,3.412264198,5.30E-05,0.001121326
EC3-6-3-19,3.755585955,5.15E-05,0.001121326
EC3-6-3-30,1.079945624,5.31E-05,0.001121326
EC1-5-1-2,0.404953101,5.45E-05,0.001125616
EC3-4-11-24,2.67709799,5.42E-05,0.001125616
EC2-3-1-15,2.995820053,6.09E-05,0.001244082
EC6-1-1-12,-0.737320086,6.15E-05,0.001244082
EC1-17-5-2,3.149337551,6.24E-05,0.001249133
EC3-1-1-81,3.274457015,6.46E-05,0.001267673
EC3-5-4-1,3.4101707,6.41E-05,0.001267673
EC4-1-2-2,3.393183207,7.61E-05,0.001477681
EC1-6-99-3,1.891062382,7.82E-05,0.001480418
EC3-4-13-18,1.09657474,7.83E-05,0.001480418
EC6-1-1-13,-2.959220781,7.85E-05,0.001480418
EC5-1-3-9,1.313908554,8.40E-05,0.001569442
EC2-7-1-191,2.280824619,8.67E-05,0.0015984
EC4-1-2-17,1.260672733,8.80E-05,0.0015984
EC4-3-1-19,0.736552672,8.75E-05,0.0015984
EC3-3-2-1,3.751730228,9.05E-05,0.001628226
EC2-7-7-9,1.382308426,9.50E-05,0.001692647
EC1-1-1-60,1.831860857,9.73E-05,0.001719553
EC2-5-1-15,0.836205193,9.98E-05,0.001747161
EC5-3-1-23,1.088177435,0.000102192,0.001772844
EC3-2-2-1,3.225385642,0.000108438,0.001864552
EC1-21-4-2,1.73499859,0.000111358,0.001897966
EC1-11-1-15,1.011324437,0.0001144,0.001916203
EC2-1-1-79,2.672966624,0.000114227,0.001916203
EC2-1-1-207,0.764853405,0.00012094,0.002008436
EC4-2-1-113,2.691227817,0.000123096,0.002026911
EC2-10-1-1,2.247225844,0.000126496,0.002049022
EC3-1-2-6,3.60926274,0.000126773,0.002049022
EC6-3-5-6,-3.129437107,0.000127603,0.002049022
EC1-21-4-4,1.584307419,0.000129282,0.002050598
EC2-4-1-20,-2.883676028,0.000129811,0.002050598
EC2-7-1-29,2.640573785,0.000132232,0.002055416
EC4-2-99-20,3.675409276,0.000132166,0.002055416
EC1-3-1-74,-3.138465022,0.000135634,0.002091559
EC1-7-1-7,3.088808662,0.0001377,0.002106698
EC2-7-1-5,0.856484771,0.000139417,0.002116308
EC1-13-11-15,3.122253549,0.000150147,0.002250577
EC2-3-1-51,0.57732914,0.000150855,0.002250577
EC5-3-3-2,1.366376176,0.000151737,0.002250577
EC1-18-1-3,3.645528642,0.00015875,0.002336759
EC2-8-3-9,2.637937027,0.000167841,0.002451998
EC3-1-4-37,-2.166087167,0.000173714,0.002503043
EC3-2-1-156,-2.708634524,0.000173912,0.002503043
EC1-7-1-6,2.760846612,0.000179528,0.002549253
EC2-3-1-169,1.292360479,0.000181059,0.002549253
EC2-3-1-222,0.794289122,0.00018005,0.002549253
EC3-1-3-13,-1.492306736,0.000189082,0.00264307
EC4-2-1-44,1.583285346,0.0001912,0.002653578
EC3-6-3-36,3.156092254,0.000200068,0.002756969
EC4-2-1-17,1.850990314,0.000206144,0.002820685
EC4-1-3-34,2.942192888,0.000210216,0.002856286
EC3-2-1-86,1.674781755,0.000216934,0.002869262
EC4-1-1-96,2.944509584,0.000213965,0.002869262
EC4-3-1-7,2.821410581,0.000217077,0.002869262
EC4-99-1-12,0.837768291,0.000216126,0.002869262
EC1-1-1-95,0.96883341,0.000229546,0.003013569
EC1-3-1-31,2.810107934,0.000246153,0.003167383
EC2-8-1-4,0.666491583,0.000245026,0.003167383
EC4-4-1-8,0.89928033,0.000244852,0.003167383
EC2-7-6-1,0.545178203,0.000253494,0.003237776
EC4-2-1-2,0.667231297,0.000254956,0.003237776
EC3-1-1-23,3.261156643,0.00025783,0.003253012
EC4-1-2-13,0.640371687,0.000280248,0.003513039
EC2-8-4-4,-0.484863641,0.0002898,0.003578225
EC4-1-3-6,1.499483494,0.000290205,0.003578225
EC5-1-3-4,0.934405496,0.000290972,0.003578225
EC6-3-1-20,1.422832171,0.000298034,0.003642009
EC2-7-1-60,2.028880958,0.000303352,0.003683826
EC1-1-1-88,3.235019691,0.000313643,0.003757994
EC2-7-1-89,3.834111077,0.000315261,0.003757994
EC3-1-21-3,-0.762106994,0.00031348,0.003757994
EC1-1-1-392,2.894352655,0.000322159,0.003816802
EC1-1-1-47,2.600347305,0.000329841,0.003823792
EC1-18-1-2,1.710247404,0.000332589,0.003823792
EC1-97-1-4,0.326408627,0.00032717,0.003823792
EC2-3-2-2,3.196293721,0.000328607,0.003823792
EC3-5-2-9,1.066190264,0.000331382,0.003823792
EC5-4-2-7,0.6138709,0.00034993,0.003999497
EC5-1-2-2,3.367832327,0.000375796,0.004270013
EC2-7-7-21,-2.6201556,0.000392246,0.00433031
EC2-7-7-25,-2.6201556,0.000392246,0.00433031
EC3-2-1-89,-1.370974931,0.000390172,0.00433031
EC4-3-1-1,1.330306652,0.000387247,0.00433031
EC2-2-1-6,0.628562598,0.000402527,0.004418701
EC1-1-1-290,0.61302429,0.00040658,0.00443748
EC3-5-4-30,2.451807997,0.000408805,0.00443748
EC2-4-1-129,1.005240471,0.00041554,0.004485528
EC1-8-1-7,3.261501423,0.00042025,0.004511304
EC1-6-5-2,3.177596894,0.000427524,0.004564175
EC1-3-1-12,1.197643558,0.000444831,0.004722986
EC1-8-99-2,-3.193665737,0.00045047,0.004756869
EC5-3-1-6,0.544402842,0.000465332,0.00488724
EC2-1-1-107,0.775686767,0.000471872,0.004929289
EC2-8-3-8,2.164668783,0.000476388,0.004949849
EC3-5-1-53,-2.79849136,0.000482226,0.004983855
EC1-3-1-10,2.994357935,0.000488401,0.005020969
EC1-4-1-16,0.840114147,0.000493489,0.005046571
EC1-17-1-5,1.354716154,0.000527244,0.005307952
EC3-6-3-4,1.119336945,0.00052576,0.005307952
EC4-2-2-22,-2.09438789,0.000521832,0.005307952
EC3-2-1-170,1.705400818,0.000538348,0.005391802
EC1-1-1-2,1.605320525,0.000544703,0.005427475
EC1-1-1-154,3.01140328,0.000587717,0.005820196
EC3-2-1-78,-2.399944255,0.000592396,0.005820196
EC6-6-1-1,3.081263068,0.000593103,0.005820196
EC1-1-99-28,1.687822591,0.000602457,0.005882277
EC1-17-99-6,-0.468208589,0.000644391,0.006260256
EC2-1-1-157,-2.217603662,0.000670303,0.006479594
EC1-1-1-3,0.386794488,0.000675703,0.00649946
EC1-1-1-79,2.795688026,0.000688586,0.006590756
EC4-2-1-8,0.601147135,0.000696813,0.006636804
EC3-2-1-45,-1.606970011,0.000729046,0.006909929
EC3-5-2-14,2.633586827,0.000760755,0.007175473
EC1-5-1-24,2.331604706,0.000791823,0.007432423
EC2-6-1-52,-0.382899939,0.000804103,0.007439869
EC2-6-1-87,1.036800724,0.000798431,0.007439869
EC2-7-7-18,0.454119276,0.00080181,0.007439869
EC4-1-2-48,0.940682317,0.000818652,0.007538578
EC1-1-1-395,1.675275973,0.000834861,0.007651577
EC2-3-1-79,1.236194529,0.000840607,0.007668071
EC1-3-7-8,1.277062169,0.000845167,0.007672049
EC3-5-4-2,0.493511749,0.000852339,0.007672049
EC6-4-1-1,1.058726047,0.000852889,0.007672049
EC6-3-5-2,0.219047681,0.000906114,0.008113272
EC3-2-1-177,0.84651217,0.00091866,0.008187873
EC4-3-1-17,0.693249537,0.000923636,0.008194637
EC1-3-3-4,2.716254259,0.00093385,0.00824759
EC1-1-1-83,3.551880516,0.000960972,0.008430448
EC3-2-1-14,1.206455425,0.000963232,0.008430448
EC1-14-13-39,-1.757799658,0.000982589,0.008560588
EC2-7-1-107,0.78895021,0.000986913,0.008560588
EC1-2-7-5,3.167695417,0.00100174,0.008647435
EC3-5-1-18,1.315041791,0.001005826,0.008647435
EC2-1-1-51,-1.34431918,0.00101555,0.008692571
EC2-1-1-13,0.754074418,0.001025085,0.008735705
EC3-2-1-169,2.420038329,0.00105991,0.008993035
EC2-4-2-3,0.804021899,0.0011229,0.009486068
EC1-2-4-1,2.823915671,0.001178803,0.009915212
EC6-3-2-17,0.877558145,0.001187964,0.009949199
EC6-3-2-31,2.592817952,0.001211879,0.010105927
EC1-1-1-18,1.20414132,0.001240087,0.010296961
EC4-2-1-109,2.99311119,0.001270741,0.010506596
EC6-3-3-3,0.812144642,0.001337454,0.011011323
EC3-4-16-4,0.730548604,0.001380703,0.011319434
EC2-7-1-156,0.739790407,0.001399043,0.011421596
EC1-1-1-29,1.324842963,0.001444681,0.011546166
EC2-4-1-109,3.365482605,0.001432981,0.011546166
EC3-5-1-87,2.166473034,0.00143698,0.011546166
EC5-1-3-2,0.522887876,0.001421821,0.011546166
EC5-3-1-27,2.266892655,0.001447782,0.011546166
EC5-3-1-28,1.604229271,0.001449956,0.011546166
EC2-5-1-76,-0.695751673,0.00146048,0.011582498
EC2-7-1-190,3.30802909,0.001503962,0.011878854
EC2-3-1-275,3.003120255,0.001525922,0.012003509
EC3-4-24-75,1.153243233,0.001556297,0.012193083
EC2-4-2-52,1.273456926,0.001621044,0.012649352
EC1-1-1-100,0.714720475,0.001692995,0.013105535
EC1-3-99-1,-1.651679149,0.001689387,0.013105535
EC4-3-99-4,1.877964838,0.001702485,0.013126699
EC6-1-2-1,1.954357394,0.001712164,0.013149148
EC2-7-1-95,3.686160044,0.001734248,0.013266311
EC3-1-3-18,0.702385764,0.00174938,0.013285217
EC6-4-1-6,2.43765638,0.001750394,0.013285217
EC1-97-1-9,3.009898247,0.001770329,0.013384236
EC2-1-1-184,1.701356964,0.001797223,0.013515538
EC2-7-9-1,-0.532268528,0.001801608,0.013515538
EC3-1-1-31,1.510445742,0.001840088,0.013751121
EC2-7-1-31,0.994846851,0.001849144,0.01376585
EC1-3-5-3,3.137917483,0.001864359,0.01377357
EC5-4-2-12,-0.370504565,0.001862428,0.01377357
EC3-6-3-23,-2.151807496,0.001935312,0.0142436
EC1-11-1-1,0.880936058,0.001971029,0.014397402
EC3-5-1-9,1.496975561,0.001969765,0.014397402
EC1-8-1-2,3.051183309,0.001994053,0.014456888
EC3-6-1-11,1.902043659,0.001990478,0.014456888
EC2-1-1-174,3.278920028,0.002014465,0.01455058
EC1-1-1-17,2.031248639,0.002048292,0.014740115
EC1-3-1-54,0.992888576,0.002109335,0.015070593
EC3-4-23-43,-1.623684115,0.002109728,0.015070593
EC3-5-4-32,2.325045899,0.00212652,0.015134903
EC1-1-1-26,2.394314087,0.002197586,0.015583611
EC1-4-1-11,2.381272385,0.00222004,0.015685593
EC1-7-99-4,3.45391872,0.002253685,0.015865617
EC2-4-2-6,2.603635056,0.002263515,0.015877291
EC3-2-2-21,1.118990254,0.002330117,0.016285676
EC2-3-3-14,1.845443995,0.00234097,0.016302882
EC1-1-1-272,-1.573382866,0.002363703,0.01634404
EC2-7-8-12,1.151640311,0.002357691,0.01634404
EC5-4-99-21,3.270067298,0.002408114,0.016592077
EC2-8-3-12,2.789114965,0.002529367,0.017365935
EC5-1-1-7,0.38763762,0.002550183,0.017447201
EC2-4-2-4,2.578613287,0.002570944,0.017527523
EC4-2-1-47,-1.080613534,0.002734725,0.018578916
EC3-2-1-26,0.779534767,0.002747925,0.018603549
EC3-6-3-27,1.873718711,0.002773156,0.018709173
EC2-7-9-3,0.677207744,0.002917294,0.0196135
EC3-4-13-3,-2.459014657,0.002955255,0.019800211
EC4-4-1-16,3.263822268,0.002970163,0.019831706
EC2-4-1-12,3.431115658,0.002980671,0.01983371
EC1-2-3-3,2.82207682,0.003013316,0.0199825
EC1-1-1-202,1.058706736,0.003064205,0.020250854
EC3-4-24-13,2.365760118,0.00307836,0.020275436
EC1-1-1-125,3.361071389,0.003162949,0.020762196
EC1-13-11-27,2.922322585,0.003209599,0.020927014
EC4-2-1-36,1.7894617,0.003206843,0.020927014
EC4-2-99-18,0.306366297,0.003288202,0.021367816
EC2-2-1-1,0.701167209,0.003513045,0.022752822
EC2-3-1-118,2.488093752,0.003547916,0.022902327
EC3-5-1-11,2.287963836,0.003577157,0.023014622
EC6-2-1-22,1.186503837,0.003660118,0.02347066
EC4-2-1-59,0.38396237,0.0036958,0.023544063
EC4-6-1-17,0.679588196,0.003686592,0.023544063
EC4-1-1-31,2.195018381,0.003742393,0.023762975
EC1-1-1-64,-0.962979058,0.003796395,0.023949336
EC4-2-1-40,2.42027566,0.003784383,0.023949336
EC4-1-1-50,1.198671214,0.003830558,0.024086649
EC1-1-1-14,0.795201996,0.0038531,0.02409955
EC2-7-1-36,2.492846992,0.00386982,0.02409955
EC3-4-11-2,1.665462703,0.003861038,0.02409955
EC3-5-1-46,1.13226962,0.003887518,0.024132417
EC4-1-1-64,2.174419064,0.003956807,0.024484319
EC3-6-3-15,-2.142775765,0.003990133,0.024612155
EC4-1-2-4,0.264577611,0.004047275,0.024885618
EC4-2-1-51,0.780713145,0.004105219,0.025083149
EC5-1-3-12,2.597563735,0.004099796,0.025083149
EC1-1-1-274,1.556938121,0.004130434,0.025158099
EC2-5-1-54,0.461014505,0.004385719,0.02650572
EC3-1-1-3,0.688151928,0.004386539,0.02650572
EC6-1-1-3,-0.240213804,0.00439261,0.02650572
EC3-1-3-27,2.306820363,0.004555051,0.027400818
EC1-5-1-39,0.98657316,0.004651854,0.027896766
EC5-1-3-n2,1.91311116,0.004808009,0.0287445
EC1-7-2-5,2.447249794,0.004900373,0.029206826
EC3-6-3-24,2.803105279,0.004985079,0.029620818
EC5-1-3-13,-0.455516355,0.005010016,0.029678236
EC4-1-1-4,2.177286152,0.005113825,0.030201102
EC1-1-3-21,2.147593158,0.005167682,0.030426687
EC1-17-4-2,0.467107142,0.005210705,0.030443825
EC2-7-1-2,0.814631065,0.005188553,0.030443825
EC5-1-1-4,1.601340882,0.005217598,0.030443825
EC2-1-1-217,0.988991061,0.005271221,0.030664616
EC2-7-1-76,2.301879198,0.005331384,0.030922025
EC1-3-1-20,1.965453366,0.005422945,0.031240931
EC2-1-1-185,1.478295622,0.005433205,0.031240931
EC3-4-14-5,-1.849622145,0.005434604,0.031240931
EC2-1-1-271,1.76074238,0.005508436,0.031513958
EC2-4-99-17,-0.257525738,0.005514537,0.031513958
EC1-1-1-44,1.176727852,0.005567186,0.031721531
EC2-1-1-187,1.296761906,0.005596041,0.0317382
EC2-7-11-32,2.187208602,0.005626577,0.0317382
EC2-7-4-27,2.187208602,0.005626577,0.0317382
EC4-1-2-40,1.113122196,0.00563545,0.0317382
EC4-1-1-20,0.333758509,0.005744476,0.032258716
EC1-2-5-1,2.908579001,0.005862478,0.032669829
EC2-7-1-21,-0.347396027,0.005868127,0.032669829
EC3-4-24-55,1.877276678,0.005867375,0.032669829
EC6-3-5-3,0.416246435,0.005936822,0.032957845
EC2-3-3-10,2.553786669,0.005989932,0.033140244
EC6-4-1-8,1.553806842,0.006003791,0.033140244
EC3-4-15-6,1.303329459,0.006054025,0.033322861
EC1-4-3-16,0.532443617,0.006114861,0.033562639
EC1-15-1-1,0.874441972,0.00626293,0.034278518
EC2-7-1-113,1.748055514,0.006289174,0.034325463
EC6-3-5-11,0.665126981,0.006326639,0.034433222
EC3-4-14-11,1.910450952,0.006350604,0.034467106
EC3-2-1-4,-1.313708114,0.006415666,0.034723228
EC4-2-1-75,2.878227883,0.006482738,0.03498878
EC2-4-2-28,2.655574658,0.006501254,0.034991512
EC3-5-99-5,-2.194183681,0.006596815,0.035213218
EC3-6-3-29,2.508095487,0.00659351,0.035213218
EC4-2-1-1,1.011113514,0.006592125,0.035213218
EC1-2-1-9,2.42806613,0.006627272,0.035278874
EC3-3-2-10,-1.641813179,0.006806151,0.03589453
EC3-4-11-9,0.821224813,0.006778751,0.03589453
EC4-2-1-106,0.874594985,0.00681682,0.03589453
EC6-3-2-3,2.051104921,0.006793106,0.03589453
EC2-7-13-3,0.280325388,0.006864133,0.035948816
EC3-1-11-5,1.833509798,0.006862948,0.035948816
EC2-5-1-10,0.752046541,0.006898185,0.036030036
EC1-4-1-13,0.537177226,0.007101513,0.036992601
EC2-1-1-14,0.83327927,0.007149716,0.037045062
EC3-2-2-n1,-0.601315854,0.007137056,0.037045062
EC3-2-1-54,0.797532536,0.007188692,0.03714795
EC1-1-1-163,1.699844697,0.007284966,0.037446268
EC3-2-2-15,-1.458786172,0.007275263,0.037446268
EC3-4-13-20,1.391486601,0.007326314,0.03755944
EC3-8-1-3,-2.708270018,0.007355847,0.037611608
EC5-3-1-8,0.757502408,0.007545914,0.03848218
EC3-1-26-8,1.468883897,0.007575214,0.038530471
EC4-1-1-17,3.111181024,0.007659468,0.038857302
EC2-3-1-183,0.805550685,0.007786346,0.039193967
EC2-7-7-40,-1.256307362,0.00776011,0.039193967
EC7-2-2-6,2.644239025,0.007777181,0.039193967
EC3-4-22-10,-0.871501345,0.007968719,0.040008324
EC1-1-1-25,0.50864419,0.007989787,0.040010714
EC2-4-1-247,1.692160564,0.008109471,0.040401802
EC4-2-1-24,0.732199921,0.00809343,0.040401802
EC1-3-1-25,3.003142197,0.008206445,0.040780366
EC6-6-1-2,1.921472138,0.008263947,0.040961352
EC2-3-2-10,2.049816972,0.008300068,0.041035707
EC1-12-99-6,2.585851979,0.008491821,0.04187718
EC3-6-3-3,0.510299911,0.008531024,0.041963999
EC2-1-1-61,2.800538149,0.008584966,0.042122699
EC2-4-1-230,1.491438447,0.008727717,0.042715249
EC1-21-4-3,0.993870686,0.008769514,0.042811973
EC4-99-1-3,0.904414558,0.008794839,0.042828001
EC2-7-2-4,0.204375971,0.008897564,0.043219917
EC1-6-5-5,2.297381254,0.009204007,0.04459697
EC2-3-1-12,2.289911662,0.009248953,0.044703272
EC1-2-1-46,1.730738975,0.009299864,0.044837806
EC1-1-1-244,1.748670103,0.009408408,0.045222481
EC5-4-99-25,-0.268165262,0.009426199,0.045222481
EC1-8-5-3,2.978707814,0.009516131,0.045541482
EC1-21-98-1,-1.568457186,0.00958163,0.045633946
EC4-1-2-43,1.65892984,0.009582424,0.045633946
EC1-14-12-17,2.982267054,0.009789107,0.046500074
EC2-1-1-63,0.243021718,0.009812162,0.046500074
EC4-1-99-22,0.588627575,0.009873379,0.046676341
EC3-2-1-82,-1.273983706,0.009909562,0.046733685
EC1-1-1-38,1.975915817,0.009960096,0.046856231
EC2-8-3-10,1.045314531,0.009983778,0.046856231
EC2-1-1-148,-0.794971143,0.010053851,0.047071405
EC1-1-1-30,2.102246716,0.010212852,0.047359357
EC2-6-1-76,-2.205738969,0.010189117,0.047359357
EC3-4-13-19,2.37587309,0.010159506,0.047359357
EC3-5-1-14,1.605812249,0.01019033,0.047359357
EC2-7-7-7,0.231497955,0.010391026,0.047900145
EC2-7-8-13,0.318928759,0.010403428,0.047900145
EC4-2-1-32,0.724826778,0.010399164,0.047900145
EC1-2-1-2,1.263170007,0.0104519,0.048009556
EC4-2-1-7,2.310567751,0.010485586,0.048050693
EC2-7-7-89,2.292100839,0.010661607,0.048742357
EC2-4-2-14,0.223479991,0.010831081,0.049400915
EC2-7-8-36,-2.278232197,0.010902306,0.049609323
EC3-5-4-13,2.21669125,0.011001326,0.049826517
EC4-1-99-2,-1.659223784,0.010986452,0.049826517
EC4-2-1-119,2.857763348,0.011036611,0.049870081
EC2-7-1-176,1.891942981,0.011153028,0.050279195
UNGROUPED,0.068299346,0.01132908,0.050954636
EC2-1-1-171,0.774804582,0.011505315,0.051627777
EC4-1-2-21,2.155822132,0.011563933,0.051771247
EC3-2-1-39,-2.150361773,0.011669462,0.052004047
EC3-6-3-12,0.848331744,0.011643399,0.052004047
EC1-1-1-140,1.830829699,0.011800171,0.052466207
EC2-3-1-174,2.782921989,0.011843519,0.052538717
EC6-3-1-2,0.352494074,0.012002581,0.053123042
EC2-7-1-121,1.94905598,0.012046271,0.053195238
EC1-4-3-19,1.880555302,0.012453631,0.0541532
EC2-7-6-5,0.562789159,0.012458302,0.0541532
EC3-1-3-23,1.417573274,0.01232276,0.0541532
EC3-5-1-1,0.797547136,0.012444254,0.0541532
EC4-1-1-33,1.952755251,0.012392572,0.0541532
EC4-1-1-5,2.119398009,0.012313175,0.0541532
EC4-2-1-42,0.814692088,0.012434367,0.0541532
EC3-5-1-104,-1.987486545,0.012917104,0.056022172
EC2-7-7-80,1.160665282,0.012983183,0.056183351
EC2-7-7-42,2.540479105,0.013060117,0.056390684
EC1-4-1-14,-1.522864807,0.013187151,0.056812937
EC3-6-3-8,0.71817743,0.013378793,0.057511051
EC4-4-1-1,-1.410719845,0.013444047,0.057663979
EC1-9-3-1,2.102309288,0.01351443,0.057708941
EC2-7-1-35,0.387766407,0.013538826,0.057708941
EC2-7-1-39,0.518532045,0.013596963,0.057708941
EC2-8-3-6,2.595321616,0.013603034,0.057708941
EC5-4-3-6,-1.12038278,0.013583345,0.057708941
EC4-4-1-5,0.647243269,0.013825932,0.058526766
EC4-1-99-18,1.041928213,0.013986385,0.059077272
EC3-5-1-59,1.726939964,0.014084455,0.059362465
EC3-4-21-96,1.841140118,0.014159929,0.05955139
EC1-97-1-12,1.452387817,0.014271056,0.059825286
EC3-1-7-2,1.444856645,0.014286635,0.059825286
EC3-1-1-47,1.788823732,0.014375864,0.060069469
EC3-7-1-14,2.955592424,0.014424935,0.06014517
EC3-2-2-20,0.722756566,0.014616566,0.060813677
EC3-1-13-1,0.228449615,0.014781582,0.061368833
EC2-7-7-8,-0.267584548,0.014843075,0.061492738
EC1-1-1-27,0.468434062,0.015123131,0.062100877
EC1-1-1-4,1.86749777,0.015148893,0.062100877
EC1-14-13-127,2.531284911,0.01513804,0.062100877
EC1-2-3-1,-0.566170602,0.015101504,0.062100877
EC2-3-1-30,0.260743759,0.015149674,0.062100877
EC2-7-1-6,0.499337109,0.015274737,0.062481712
EC2-3-1-8,0.674269452,0.015397839,0.062721177
EC3-5-99-3,2.067946669,0.015375101,0.062721177
EC1-5-1-30,1.631071605,0.015435627,0.062743564
EC3-6-3-41,1.598817372,0.015526955,0.062983033
EC1-2-1-58,1.57265945,0.01572254,0.06364353
EC1-3-99-4,-1.78323628,0.015979867,0.064504237
EC1-4-1-9,1.813328036,0.016001566,0.064504237
EC3-5-1-19,2.127336489,0.016122441,0.064856941
EC3-5-1-23,-0.936535799,0.016242408,0.065204543
EC2-1-1-8,-1.147751171,0.016321652,0.065387568
EC2-4-2-53,0.787283891,0.016428385,0.065599002
EC3-5-1-94,1.93179885,0.016475714,0.065599002
EC4-2-3-1,0.390978526,0.016472831,0.065599002
EC1-8-1-4,0.766587797,0.016556668,0.065763917
EC2-6-1-5,1.487824314,0.016584827,0.065763917
EC2-1-1-74,-0.623168479,0.016773155,0.066375234
EC2-4-2-45,-1.63491983,0.016895086,0.06639931
EC2-7-2-2,2.568159311,0.016857992,0.06639931
EC2-7-4-2,2.021542271,0.016915933,0.06639931
EC4-1-1-85,3.107581377,0.016838077,0.06639931
EC3-2-2-23,0.995252641,0.017106802,0.066908313
EC3-6-3-33,2.575232406,0.017114478,0.066908313
EC2-6-1-92,-1.847224585,0.017313589,0.067550811
EC2-6-1-42,0.378760153,0.017483382,0.067804814
EC2-7-1-85,1.075847913,0.017422239,0.067804814
EC2-8-3-5,2.081939316,0.017459661,0.067804814
EC3-1-1-84,-1.834740064,0.017774382,0.068744439
EC3-5-1-25,0.582375128,0.017796424,0.068744439
EC1-2-99-2,0.879814399,0.017832625,0.068747598
EC1-17-1-8,0.32113266,0.018071675,0.069531218
EC1-1-1-90,1.822467532,0.018110585,0.069543217
EC2-7-4-14,1.64558547,0.018239399,0.069899709
EC1-1-1-271,-0.83383508,0.018332861,0.070059256
EC4-1-2-49,0.651902888,0.018353145,0.070059256
EC1-2-98-1,1.654434319,0.018589033,0.070406416
EC3-1-1-11,-0.920518357,0.018581268,0.070406416
EC3-1-3-1,0.969113354,0.018552692,0.070406416
EC4-1-99-12,-0.302506165,0.018552902,0.070406416
EC6-3-4-18,1.378449652,0.018637716,0.070453468
EC1-3-7-9,0.594350595,0.018795424,0.070911669
EC1-1-1-21,1.548868621,0.018879358,0.071090297
EC2-3-1-82,1.635178318,0.019205928,0.072054618
EC2-7-7-81,-1.833608407,0.01920962,0.072054618
EC1-1-99-3,2.042404101,0.019247143,0.072056259
EC3-1-3-10,2.372471289,0.01937427,0.072392706
EC2-5-1-31,1.524373838,0.019647467,0.072992405
EC2-7-8-20,2.263252477,0.019635095,0.072992405
EC3-2-1-67,0.727879383,0.019639582,0.072992405
EC3-6-5-n1,-0.297837057,0.019943382,0.073950367
EC2-7-7-56,0.796576361,0.020019537,0.074091352
EC3-6-1-57,-1.66761409,0.020198292,0.074610799
EC4-4-1-15,2.349372778,0.020237636,0.074614284
EC2-4-1-325,2.014774291,0.020350484,0.07488824
EC1-5-1-36,2.736452468,0.020618608,0.075731484
EC1-7-2-3,2.890832716,0.020789517,0.076215155
EC1-1-1-283,1.47962123,0.020888085,0.076432296
EC4-2-1-163,1.642819112,0.020938437,0.076472526
EC2-3-1-41,2.056958482,0.021244317,0.077444106
EC2-3-1-50,-1.523531788,0.021429617,0.077973305
EC3-4-11-19,1.762727411,0.021877027,0.079452456
EC1-1-1-93,1.817640239,0.022012536,0.079646848
EC6-3-2-37,0.850217805,0.021991604,0.079646848
EC4-1-2-n5,0.69453535,0.022073827,0.079720161
EC5-3-3-18,0.880047139,0.022549246,0.081286057
EC4-2-1-54,-0.926854046,0.022821567,0.08211538
EC2-3-1-40,2.829417671,0.022900895,0.082144691
EC5-4-4-2,1.388571748,0.022914268,0.082144691
EC1-1-99-38,0.785058069,0.023016408,0.082245619
EC2-5-1-75,-0.215586668,0.02302708,0.082245619
EC1-5-5-1,2.363048904,0.023091731,0.082325199
EC2-4-1-64,1.068649821,0.023379874,0.083047707
EC6-3-1-1,0.211294094,0.023349684,0.083047707
EC3-5-99-10,2.812017131,0.023580567,0.08360774
EC4-2-1-118,0.997831631,0.023643392,0.083677796
EC4-1-1-22,0.843545698,0.023756316,0.083924586
EC3-2-1-70,1.75837397,0.023829543,0.084030494
EC2-7-4-6,0.855678444,0.023904002,0.084140354
EC1-2-99-5,-1.444576445,0.024151115,0.084720146
EC4-2-1-46,-0.243009765,0.024155924,0.084720146
EC3-1-21-2,0.486363189,0.024288853,0.085032868
EC3-6-1-40,1.549341771,0.024386826,0.085222309
EC1-14-13-149,2.000909693,0.024488965,0.085425601
EC1-8-4-11,0.435034061,0.024899811,0.086576382
EC2-6-1-62,0.718668268,0.024907976,0.086576382
EC2-8-3-16,1.760824963,0.025202149,0.087286589
EC4-1-1-77,1.379759289,0.025166218,0.087286589
EC1-14-14-9,2.075594397,0.025328565,0.087412792
EC2-3-1-5,1.096269318,0.02531996,0.087412792
EC2-7-7-24,-0.293954309,0.025481805,0.087475526
EC4-1-1-76,1.121781074,0.025456083,0.087475526
EC5-4-2-8,-0.569352968,0.025435193,0.087475526
EC1-14-12-10,1.463205231,0.025667181,0.087956494
EC2-5-1-1,1.531228241,0.025868866,0.08849156
EC1-4-3-21,2.333446909,0.026096798,0.089114373
EC2-8-4-3,-0.311151267,0.026948941,0.091701912
EC3-1-4-17,2.181652113,0.02693603,0.091701912
EC1-17-99-7,1.912598902,0.027002735,0.091724325
EC4-1-1-65,0.649343836,0.027183464,0.092177086
EC2-4-1-280,-1.895676761,0.027252284,0.092249458
EC2-4-2-29,-0.235785053,0.027512387,0.092825463
EC3-1-2-12,1.769579661,0.027557968,0.092825463
EC3-2-1-17,0.731166174,0.027613545,0.092825463
EC3-5-1-49,1.987707432,0.027571707,0.092825463
EC2-6-1-81,2.537153254,0.027684397,0.092902909
EC4-1-3-30,2.117425125,0.027805047,0.093146908
EC1-1-1-132,1.444261833,0.027857104,0.093160677
EC5-4-99-23,-0.933225198,0.027999261,0.093475196
EC3-2-1-52,0.548064993,0.028399756,0.094487543
EC3-5-1-32,1.386181547,0.028369897,0.094487543
EC2-7-9-2,1.209888168,0.028694259,0.095304181
EC3-1-1-1,2.427182383,0.028823521,0.095570139
EC1-1-1-11,1.888810443,0.029080052,0.095929613
EC2-1-1-72,-0.32491262,0.029053233,0.095929613
EC5-99-1-3,-0.202357638,0.028982432,0.095929613
EC2-2-1-10,-1.201999406,0.029776903,0.098061902
EC4-1-99-11,1.04698697,0.029917015,0.098356615
EC1-6-1-1,2.340243199,0.030096466,0.098722402
EC2-7-1-25,0.876042743,0.030129894,0.098722402
EC2-7-2-3,-0.217493213,0.030218245,0.098735355
EC4-3-2-7,1.648278569,0.030235479,0.098735355
EC1-8-98-1,-0.929982607,0.030531245,0.099378056
EC4-1-3-40,2.325023394,0.030534585,0.099378056
EC1-1-2-3,1.676112718,0.030648177,0.099580949
EC3-5-1-n3,2.220201243,0.030724249,0.099661464
EC5-3-3-10,2.035111041,0.030807296,0.099764295
EC1-1-1-301,1.047904683,0.030916936,0.099952757
EC1-1-1-391,0.604543858,0.030989001,0.100019316
EC3-2-1-98,1.437088704,0.031068793,0.100110556
EC3-4-11-7,1.325972941,0.03125284,0.100370691
EC4-6-1-13,-1.575984534,0.03120497,0.100370691
EC2-7-7-13,1.089627813,0.031459904,0.100868965
EC2-5-1-52,-0.607291053,0.031529895,0.100926829
EC5-4-3-8,0.563538844,0.031686686,0.101261894
EC1-1-1-57,-1.426643689,0.032047724,0.1022475
EC2-7-8-6,1.067785446,0.032112393,0.102285869
EC2-7-3-3,-0.408126366,0.032298673,0.102710838
EC3-6-1-9,2.389105304,0.03257508,0.103329668
EC5-4-99-4,-0.528181888,0.032599633,0.103329668
EC6-2-1-27,1.762306144,0.032686025,0.103434767
EC3-2-1-93,1.129487155,0.033147376,0.104326502
EC3-2-2-28,2.493016236,0.033236287,0.104326502
EC4-1-1-32,-1.560913667,0.033022039,0.104326502
EC5-1-3-14,0.509189528,0.033141005,0.104326502
EC6-2-1-20,1.589851544,0.033227095,0.104326502
EC1-13-11-16,2.338491166,0.03376438,0.105813209
EC4-1-1-86,1.51506445,0.034019526,0.106441126
EC1-1-1-159,1.793813005,0.034553945,0.106666925
EC1-1-1-49,1.153903933,0.034624402,0.106666925
EC1-2-1-27,1.864027413,0.034280281,0.106666925
EC1-2-1-39,2.437138613,0.034391372,0.106666925
EC1-3-5-4,2.111938744,0.034649736,0.106666925
EC2-4-1-15,2.139539637,0.034259556,0.106666925
EC2-7-1-53,1.997686683,0.034176684,0.106666925
EC2-8-3-17,0.677897417,0.034348244,0.106666925
EC3-1-11-2,0.456730271,0.034695572,0.106666925
EC4-2-1-80,2.430854457,0.034538086,0.106666925
EC4-2-2-6,1.190543794,0.034667442,0.106666925
EC1-14-13-107,2.35594002,0.034802088,0.106825368
EC1-14-12-13,1.771319247,0.035452969,0.10818876
EC1-2-1-76,1.451883666,0.035343195,0.10818876
EC1-3-98-3,0.892199131,0.035468986,0.10818876
EC5-3-1-35,1.295649156,0.035446759,0.10818876
EC2-3-1-109,2.493930479,0.035770787,0.108938305
EC2-1-1-186,2.571524746,0.035893244,0.108969647
EC4-1-99-3,2.030357784,0.035862881,0.108969647
EC3-7-1-22,1.048421611,0.035954274,0.108984641
EC6-3-4-4,-0.226656295,0.036030797,0.109046477
EC3-8-1-7,1.388024492,0.036277915,0.109623623
EC2-3-1-242,1.855761353,0.036378188,0.10975593
EC2-4-2-48,-0.618346814,0.036552669,0.110111374
EC4-1-1-7,1.388049265,0.036641497,0.110208095
EC1-13-11-3,1.792899683,0.036768625,0.110419534
EC2-7-1-55,1.906176489,0.037334351,0.111578738
EC3-11-1-1,1.227515623,0.037499185,0.111578738
EC3-6-1-15,2.056426686,0.037232576,0.111578738
EC4-1-3-16,0.521793917,0.037428986,0.111578738
EC4-2-2-10,-0.652663735,0.037381282,0.111578738
EC5-1-3-7,1.404216592,0.03744445,0.111578738
EC2-1-3-1,0.830485471,0.037618702,0.111763208
EC2-8-1-6,0.346487563,0.038326286,0.113691563
EC2-3-1-39,0.235375331,0.038415346,0.11378204
EC2-3-1-n4,1.491292066,0.038595288,0.113967545
EC2-7-7-1,2.069816717,0.038593701,0.113967545
EC3-5-3-11,0.654481,0.038805055,0.114256479
EC7-1-1-3,2.769191014,0.038810744,0.114256479
EC1-14-14-5,2.428088372,0.038987834,0.114425017
EC3-5-1-115,0.495713565,0.039044666,0.114425017
EC5-3-1-26,1.463319454,0.039000527,0.114425017
EC3-1-31-1,2.128647656,0.039225604,0.114782153
EC1-1-1-50,-1.260154375,0.03952374,0.115472973
EC1-12-5-1,1.046719423,0.039633968,0.115472973
EC1-14-12-7,0.8030437,0.039699406,0.115472973
EC3-5-3-23,2.41228097,0.039684656,0.115472973
EC2-7-11-5,2.30331557,0.039830507,0.115681128
EC3-1-1-17,1.5769488,0.040267412,0.116775495
EC1-8-1-8,2.046937866,0.040506922,0.116887425
EC3-1-3-48,0.51500962,0.040373055,0.116887425
EC4-1-1-21,1.767283151,0.040546642,0.116887425
EC5-1-3-41,1.460893064,0.040449079,0.116887425
EC2-4-1-211,-0.6815354,0.04069876,0.116978834
EC3-6-1-7,0.369827955,0.040676434,0.116978834
EC1-3-8-2,1.00055289,0.041101023,0.117932145
EC5-3-4-1,1.798616707,0.041151824,0.117932145
EC1-1-5-12,2.045306411,0.041259002,0.118065156
EC5-3-1-9,0.182205508,0.041511161,0.118612038
EC2-3-2-13,0.569585385,0.041778278,0.119199992
EC1-2-1-77,2.050954656,0.04206548,0.119493022
EC1-3-1-95,0.565422844,0.042042521,0.119493022
EC2-3-1-189,1.388091023,0.041998653,0.119493022
EC1-1-5-4,2.302517415,0.042220187,0.119757406
EC2-3-1-n2,-0.288413313,0.042383769,0.120046157
EC2-7-1-196,2.197994627,0.042502404,0.120206944
EC2-3-1-122,0.434100208,0.042676096,0.12034783
EC4-2-2-17,1.583463467,0.042657923,0.12034783
EC5-1-3-11,-0.955482111,0.043381013,0.122158419
EC1-2-4-4,1.455916073,0.043859862,0.123328094
EC2-6-1-88,2.371897468,0.044381158,0.124613569
EC2-5-1-6,0.25958244,0.044557641,0.124928565
EC6-3-1-12,0.667826148,0.044940111,0.12581936
EC1-10-9-1,1.453020774,0.045470537,0.127121227
EC3-5-1-100,0.953772787,0.045613922,0.127338865
EC2-5-1-29,1.270266302,0.045910609,0.127906908
EC2-7-1-199,1.507083578,0.04598874,0.127906908
EC2-8-3-25,0.695411328,0.046014889,0.127906908
EC2-8-4-1,-0.870410431,0.046249538,0.128375505
EC2-7-8-24,0.579988767,0.046545179,0.129011817
EC2-5-1-41,-0.535110242,0.046651328,0.129121838
EC5-1-99-6,0.272240996,0.046815557,0.129392072
EC1-14-13-2,1.293416913,0.047165511,0.129515569
EC2-4-2-15,2.29600884,0.047218077,0.129515569
EC3-1-1-45,2.225732636,0.04707282,0.129515569
EC3-4-11-5,1.000843984,0.047057454,0.129515569
EC3-7-1-2,0.673750213,0.047082045,0.129515569
EC5-4-3-3,1.078023714,0.047260184,0.129515569
EC4-2-1-99,2.182150715,0.047516561,0.130034757
EC1-3-1-n3,1.605448175,0.047608908,0.130099427
EC4-1-1-49,-0.277615836,0.047674108,0.130099427
EC2-6-1-107,1.111551798,0.047847896,0.130318819
EC5-3-1-15,1.08618296,0.047888645,0.130318819
EC1-14-13-7,-0.429311294,0.048053601,0.130584821
EC2-3-2-16,-0.57265372,0.048267822,0.130983768
EC1-2-1-12,1.056582155,0.04896867,0.131727282
EC3-2-2-8,1.953542994,0.048952377,0.131727282
EC3-5-1-2,0.214071495,0.048976089,0.131727282
EC3-5-4-25,-0.301606787,0.049016379,0.131727282
EC4-1-1-36,0.277454501,0.048717558,0.131727282
EC4-1-2-52,1.658852498,0.048952422,0.131727282
EC6-1-1-18,-0.204029057,0.048917241,0.131727282
EC1-5-1-42,1.938822312,0.049188047,0.132006044
EC3-2-1-196,1.992955705,0.049278939,0.132067557
EC3-2-1-6,-0.688507267,0.049361856,0.132107558
EC1-2-1-19,2.282041152,0.049938293,0.132905317
EC2-4-1-248,-1.305477374,0.049956876,0.132905317
EC2-7-1-165,1.488681989,0.050070351,0.132905317
EC3-6-4-13,0.6943308,0.049728792,0.132905317
EC5-4-99-20,2.271820132,0.04991485,0.132905317
EC6-3-2-5,0.268112936,0.0500441,0.132905317
EC2-7-4-29,1.969439946,0.050626621,0.134198533
EC1-3-99-24,0.607769943,0.050738249,0.134311196
EC2-3-1-241,1.901538374,0.050964278,0.134725977
EC2-6-1-22,1.839687023,0.051425202,0.13575974
EC4-1-1-68,1.665515217,0.05163627,0.136131984
EC2-3-1-267,2.511655625,0.051712098,0.136147163
EC4-2-1-22,1.579346312,0.051948735,0.136585105
EC2-1-1-228,-0.232246569,0.052168865,0.136793663
EC2-4-2-21,0.334817723,0.052143412,0.136793663
EC1-2-1-3,2.487097157,0.052360853,0.136928138
EC1-4-1-4,1.867438491,0.052374194,0.136928138
EC2-7-1-83,1.161876873,0.052431567,0.136928138
EC2-7-10-1,-1.348973978,0.052532422,0.137007376
EC2-1-1-222,1.949093367,0.052920544,0.137100702
EC2-7-1-19,2.263681193,0.052666962,0.137100702
EC2-7-8-23,1.113701888,0.05271368,0.137100702
EC5-3-1-32,1.79769096,0.052921012,0.137100702
EC5-3-3-8,2.023136899,0.052783951,0.137100702
EC1-11-1-9,1.464295963,0.053134831,0.137471341
EC2-6-1-19,2.329789971,0.053442497,0.138083474
EC1-4-7-1,0.644389694,0.053831718,0.138904421
EC1-1-1-52,0.235549152,0.05401241,0.139185826
EC1-14-13-239,2.126311038,0.054582671,0.139757846
EC1-16-1-9,2.216006031,0.054312597,0.139757846
EC2-1-1-133,0.536582653,0.054483533,0.139757846
EC2-1-1-195,0.34233451,0.054450434,0.139757846
EC3-1-3-41,-1.104711276,0.054665961,0.139757846
EC3-5-1-96,2.220461696,0.05462827,0.139757846
EC3-1-3-16,0.445138359,0.054996587,0.140418354
EC1-5-1-38,1.562979362,0.055487093,0.141484805
EC3-1-27-6,2.150955171,0.055784611,0.14205701
EC1-13-11-1,1.213634588,0.056523233,0.143749531
EC1-2-1-79,2.027699292,0.056835734,0.143978918
EC1-3-8-7,2.366791666,0.056802478,0.143978918
EC1-3-8-8,2.366791666,0.056802478,0.143978918
EC2-4-2-44,-0.665272954,0.056925509,0.144018573
EC2-1-1-86,-1.281320367,0.057761287,0.145560445
EC3-1-21-1,2.189153552,0.05768157,0.145560445
EC3-1-26-4,-0.21652244,0.057834618,0.145560445
EC6-1-1-4,-0.178630535,0.057726529,0.145560445
EC1-2-1-16,2.30745055,0.05791547,0.145575367
EC1-14-12-1,1.283785844,0.058301766,0.145791931
EC2-3-1-210,1.787620187,0.058219103,0.145791931
EC3-6-1-17,0.954104401,0.058277517,0.145791931
EC4-2-1-85,0.627563496,0.058134423,0.145791931
EC2-5-1-18,2.318371913,0.058659182,0.14649716
EC3-6-1-26,1.827325812,0.058739302,0.14650894
EC2-7-7-39,0.704325637,0.058823889,0.146531817
EC1-17-1-4,1.090625978,0.05904075,0.146689504
EC2-3-1-61,2.24049464,0.059189177,0.146689504
EC2-7-1-41,1.395479552,0.059164595,0.146689504
EC4-1-2-25,0.368049253,0.059164319,0.146689504
EC1-3-1-84,1.605742356,0.059679651,0.147341247
EC2-3-1-n3,-0.312229943,0.059654188,0.147341247
EC3-4-11-4,0.227375337,0.059647981,0.147341247
EC5-3-1-22,1.409848472,0.059772235,0.147382554
EC3-2-2-16,0.62978567,0.059866964,0.147429037
EC2-7-1-12,1.72472911,0.0600457,0.147495315
EC5-3-2-3,0.751925707,0.060014917,0.147495315
EC3-5-1-110,1.801690189,0.060153949,0.147574651
EC5-3-3-4,0.768798133,0.060260815,0.147650397
EC2-7-1-194,1.373125496,0.060498855,0.148046946
EC4-1-1-61,1.752673815,0.06110325,0.149337881
EC1-20-4-1,0.85043624,0.061248738,0.1495054
EC2-7-1-200,1.441474821,0.061414753,0.149722541
EC3-1-4-52,0.586743447,0.06184397,0.150203543
EC4-1-1-81,0.658171795,0.061812032,0.150203543
EC5-4-99-29,2.129683039,0.061805294,0.150203543
EC1-6-99-5,1.050393179,0.061964141,0.150307524
EC2-5-1-141,2.256389494,0.062631935,0.151737968
EC2-3-1-245,1.576224997,0.062954355,0.152077494
EC4-2-2-2,-1.276024164,0.063006887,0.152077494
EC5-1-3-15,1.669347954,0.062852816,0.152077494
EC1-1-1-69,-0.667344224,0.063294133,0.152581266
EC5-1-3-20,1.274388487,0.063610808,0.1529651
EC5-3-2-6,0.373088491,0.063609382,0.1529651
EC1-1-1-282,2.142415311,0.063800459,0.153030738
EC1-1-1-305,1.803436269,0.064026866,0.153030738
EC2-1-2-13,1.803436269,0.064026866,0.153030738
EC3-1-3-97,1.391356537,0.064010366,0.153030738
EC5-4-99-28,1.249030676,0.064031904,0.153030738
EC2-7-8-42,1.757641742,0.064194357,0.153230511
EC1-2-1-8,2.073556839,0.064383383,0.153360455
EC3-5-4-11,1.056887205,0.064406655,0.153360455
EC1-2-1-28,1.154639047,0.064686748,0.153650796
EC3-1-3-89,2.022190089,0.064671522,0.153650796
EC2-3-1-53,1.041448854,0.064924699,0.153839865
EC2-7-7-47,1.345558191,0.064882735,0.153839865
EC3-6-3-32,1.256540299,0.06508563,0.154033348
EC2-3-3-9,2.162685785,0.06520376,0.154125188
EC1-2-1-72,2.104474099,0.065586454,0.15484141
EC2-1-1-172,2.034925056,0.065674482,0.154861067
EC2-7-1-195,1.371206629,0.065981793,0.155397121
EC2-7-7-66,1.271576587,0.066399679,0.156191982
EC5-4-2-2,0.409651915,0.066559328,0.156378203
EC1-1-1-218,1.812966544,0.06669548,0.156500399
EC2-7-7-85,-0.293379144,0.066772429,0.156500399
EC3-4-11-18,-0.172867422,0.06724933,0.157428251
EC1-2-1-71,2.221985739,0.067368786,0.157518113
EC2-3-1-190,1.063930051,0.067733666,0.157801574
EC2-3-1-193,1.841898988,0.067720542,0.157801574
EC2-5-1-147,-0.601354174,0.067581829,0.157801574
EC1-1-1-67,2.032847656,0.0690618,0.160319089
EC3-1-21-7,2.07013919,0.069012972,0.160319089
EC4-1-3-1,2.080407895,0.068966367,0.160319089
EC2-3-1-157,0.508022715,0.069638108,0.161464015
EC1-1-5-2,2.448643409,0.069898909,0.161875543
EC2-1-1-178,0.493201292,0.070030478,0.161987165
EC2-7-7-61,1.500293088,0.070232784,0.162261949
EC1-1-1-298,2.215586269,0.070379908,0.162408743
EC2-7-7-75,0.629180195,0.07072641,0.163014726
EC1-1-1-205,0.187399971,0.070911247,0.163053909
EC2-1-3-9,-1.325057406,0.070841869,0.163053909
EC2-1-1-223,0.425315432,0.071109707,0.163316975
EC3-5-4-27,-0.50013155,0.071419757,0.163835406
EC1-5-1-41,1.920530288,0.071519592,0.163870951
EC3-4-19-11,-0.706385717,0.071859469,0.16445577
EC1-13-12-19,1.12073121,0.072148603,0.164782882
EC2-4-1-180,2.078740664,0.072172019,0.164782882
EC6-3-5-8,-1.459659692,0.072287707,0.164853305
EC1-4-99-6,1.87812387,0.072726176,0.165568455
EC2-7-1-16,0.979999515,0.072771724,0.165568455
EC2-7-7-65,0.878398235,0.072931378,0.165737624
EC1-14-99-46,1.328106584,0.07347201,0.165802688
EC2-7-7-48,1.405487105,0.073427586,0.165802688
EC3-4-22-8,-1.328407084,0.073092795,0.165802688
EC3-5-5-1,0.33205602,0.073258288,0.165802688
EC4-2-1-126,0.472133072,0.073322283,0.165802688
EC4-2-2-5,-1.455503434,0.073312214,0.165802688
EC3-1-3-26,2.0024866,0.073591508,0.165879699
EC3-7-1-13,0.563558921,0.073900162,0.166382403
EC1-1-1-414,1.609931974,0.074073725,0.166580148
EC1-1-1-306,0.502290369,0.074702201,0.167472242
EC1-11-1-21,2.357114017,0.074802759,0.167472242
EC1-13-11-74,0.453125339,0.074931879,0.167472242
EC2-1-2-2,0.204416589,0.074987571,0.167472242
EC3-1-4-4,1.194223213,0.074887223,0.167472242
EC3-5-1-124,1.756176847,0.074682893,0.167472242
EC4-2-1-9,0.198349435,0.075287235,0.167948448
EC2-7-1-208,1.396292332,0.075610834,0.168230123
EC2-7-7-23,0.506317931,0.075673251,0.168230123
EC3-6-1-12,1.836720299,0.075550541,0.168230123
EC2-3-1-251,1.855374728,0.075940168,0.168630567
EC6-3-2-14,1.859749561,0.076235791,0.169093769
EC1-13-11-54,1.364842668,0.076396736,0.169257534
EC1-1-1-411,1.389426041,0.0767331,0.169809126
EC2-1-1-45,0.218841677,0.077378097,0.171041687
EC4-2-1-10,-0.207421167,0.077920511,0.172044947
EC1-1-1-41,1.066090992,0.078253418,0.172583873
EC1-2-1-70,0.466171975,0.07845092,0.172823286
EC2-1-1-200,2.025442756,0.079190433,0.174254827
EC1-11-1-10,1.218489697,0.080069876,0.175990689
EC1-2-1-5,1.977682585,0.080654508,0.176844502
EC1-3-1-28,2.285748176,0.080660007,0.176844502
EC3-2-1-165,0.656707621,0.080731381,0.176844502
EC2-7-1-197,2.019816634,0.081631197,0.178529014
EC2-8-3-11,-0.598571728,0.081684145,0.178529014
EC5-1-3-21,0.522709239,0.081835403,0.178658639
EC2-1-1-n11,0.979965193,0.082202014,0.17925759
EC2-7-1-71,0.209512907,0.082673552,0.180083758
EC3-5-1-24,0.492927886,0.082858771,0.180285097
EC1-1-98-6,1.305994134,0.082957282,0.180297537
EC2-1-1-191,-0.349500101,0.083166964,0.180551296
EC2-5-1-120,-0.875970343,0.083375483,0.180801968
EC4-4-1-23,0.925406763,0.083522316,0.180918462
EC1-14-14-3,1.388412274,0.083844889,0.181414944
EC1-14-99-3,0.788507399,0.083951784,0.181444178
EC2-1-1-166,1.967711933,0.084099276,0.181560992
EC1-2-1-24,0.807209374,0.084492491,0.182005443
EC2-7-2-1,-0.177415382,0.084424022,0.182005443
EC2-6-1-85,0.634823704,0.08470005,0.182250496
EC1-5-1-20,0.182264353,0.085153553,0.18302362
EC1-1-1-127,1.545956824,0.085477134,0.183516101
EC2-7-1-58,2.300696563,0.086107094,0.184647071
EC3-6-1-13,-0.677265894,0.086213492,0.184647071
EC6-1-1-16,-0.157512942,0.086289007,0.184647071
EC2-3-1-243,1.597624933,0.08686441,0.185314879
EC2-7-4-23,1.934422163,0.086846421,0.185314879
EC5-3-2-2,0.594226465,0.086887213,0.185314879
EC2-1-1-264,1.712144748,0.088106137,0.187708579
EC2-7-3-9,0.283633538,0.088385673,0.187892082
EC4-1-1-112,1.390310264,0.088336442,0.187892082
EC3-5-3-6,-0.759126335,0.08869978,0.188148113
EC6-3-4-22,-0.430788043,0.088691031,0.188148113
EC1-2-1-21,1.718662128,0.08914608,0.188888587
EC1-14-11-47,1.017463799,0.089736705,0.189408865
EC2-7-11-33,1.860893318,0.089879039,0.189408865
EC2-7-4-28,1.860893318,0.089879039,0.189408865
EC3-5-4-5,0.198658207,0.089842886,0.189408865
EC7-1-1-2,1.839538606,0.089520916,0.189408865
EC3-2-1-136,-1.375333284,0.090261114,0.190007957
EC1-1-1-42,-0.223746893,0.091541764,0.19084297
EC1-14-11-17,1.875301605,0.091468819,0.19084297
EC1-8-7-1,1.333060581,0.091009537,0.19084297
EC2-3-1-18,0.549194731,0.091464364,0.19084297
EC2-5-1-145,1.135832627,0.0907793,0.19084297
EC3-1-22-4,-0.173940907,0.091043759,0.19084297
EC4-4-1-13,1.639909044,0.09144249,0.19084297
EC6-1-1-1,-0.14672371,0.091248704,0.19084297
EC6-3-1-8,1.810705577,0.091072615,0.19084297
EC2-6-1-48,0.438007765,0.091893795,0.191166641
EC3-5-3-26,1.557647957,0.091822398,0.191166641
EC1-8-99-3,0.60426496,0.092018653,0.191186809
EC2-7-1-218,1.177444636,0.092198683,0.191186809
EC3-4-11-1,1.369861254,0.092150353,0.191186809
EC2-1-1-181,1.540523404,0.092533516,0.191237537
EC2-5-1-129,0.889336717,0.092715265,0.191237537
EC2-8-3-21,0.648247743,0.092467825,0.191237537
EC3-1-2-20,0.756002204,0.092678451,0.191237537
EC5-4-99-18,0.141337327,0.092627879,0.191237537
EC2-7-7-68,-0.53136708,0.093515231,0.192683027
EC3-2-1-94,-1.06677195,0.094810165,0.195144227
EC4-1-2-22,-1.154632741,0.095430763,0.195989743
EC4-1-2-9,0.944580306,0.095370573,0.195989743
EC7-5-2-1,1.192438177,0.095523565,0.195989743
EC3-5-1-16,1.152690918,0.095630523,0.196002221
EC1-13-11-8,1.320393364,0.095998299,0.196548678
EC3-1-1-32,2.030053375,0.096379587,0.197121618
EC1-5-1-7,-0.718578688,0.096698119,0.19715052
EC2-1-1-11,0.458092173,0.096698006,0.19715052
EC4-1-1-1,0.715533768,0.096663177,0.19715052
EC1-1-1-350,1.383208168,0.097053152,0.197666953
EC3-1-1-29,-0.179875757,0.097627153,0.198344738
EC3-2-1-10,0.551414828,0.097794266,0.198344738
EC4-1-3-44,-0.470491417,0.097535063,0.198344738
EC4-2-1-82,0.57709623,0.097741049,0.198344738
EC1-13-11-29,1.340514867,0.098304442,0.198566116
EC2-3-1-81,-1.309596459,0.098312199,0.198566116
EC2-7-1-74,0.453139137,0.098262009,0.198566116
EC5-1-99-1,1.171286809,0.09815948,0.198566116
EC1-1-1-369,1.07233359,0.098659675,0.199061005
EC3-1-3-77,1.12032432,0.099366903,0.200082125
EC3-5-1-126,0.703962775,0.099447919,0.200082125
EC3-5-1-3,1.083156956,0.099556236,0.200082125
EC4-1-3-36,0.67711632,0.099577671,0.200082125
EC2-1-1-201,1.441276869,0.099711088,0.200143227
EC5-3-3-6,2.007028685,0.099906628,0.20032877
EC5-5-1-2,0.893816238,0.100617178,0.201545543
EC1-1-1-310,0.454428515,0.100784116,0.201672026
EC6-1-1-20,-0.165284774,0.101323578,0.202542914
EC2-4-2-54,-0.583332839,0.10162938,0.20291125
EC2-8-3-19,1.522945051,0.101815061,0.20291125
EC6-3-2-7,0.96265715,0.101821137,0.20291125
EC1-1-1-291,1.464565995,0.102094825,0.203248202
EC3-2-1-199,1.217187702,0.102616622,0.204077888
EC1-5-98-2,-0.388665058,0.10279245,0.204218538
EC1-5-1-28,1.139851752,0.103192839,0.204804583
EC3-5-1-42,1.408871308,0.10351954,0.205243333
EC5-4-99-19,1.979102884,0.103651188,0.205294861
EC5-3-3-14,1.696344726,0.103909061,0.205596035
EC4-2-3-4,0.14716783,0.104169277,0.205605547
EC6-3-1-11,1.754822498,0.104088506,0.205605547
EC6-4-1-7,0.87443692,0.104231325,0.205605547
EC2-8-1-12,1.632481762,0.104438646,0.205805568
EC1-13-11-2,0.945241681,0.104649602,0.206012337
EC2-1-1-144,1.715447595,0.105454398,0.20717684
EC2-7-1-170,1.316280244,0.105446345,0.20717684
EC3-6-3-21,0.949313246,0.105820161,0.207685427
EC2-4-1-5,1.063263573,0.106208435,0.208237123
EC1-3-8-13,1.018274683,0.106478654,0.20839202
EC2-1-1-176,0.187748458,0.106501943,0.20839202
EC1-1-1-284,1.598453985,0.106805343,0.20856561
EC6-5-1-4,1.658772144,0.106778066,0.20856561
EC4-2-1-147,-0.5649409,0.107091552,0.208914544
EC1-1-1-46,0.813888035,0.107909739,0.210299521
EC5-1-3-29,1.872494339,0.10820626,0.210666095
EC4-2-2-n1,1.883539146,0.108371628,0.210776851
EC2-3-1-234,-0.1731961,0.108598647,0.210994307
EC2-7-1-73,1.847761196,0.108700618,0.210994307
EC1-1-5-8,1.130420086,0.108827974,0.211030691
EC2-3-1-191,1.919535477,0.10894104,0.211039322
EC2-7-7-n1,1.031806396,0.109238384,0.211404563
EC1-14-13-48,1.329272543,0.109812322,0.212092784
EC6-3-5-10,0.502963981,0.109788343,0.212092784
EC3-2-1-97,1.21395736,0.110033354,0.212308646
EC1-17-5-3,1.584083048,0.110415832,0.212835279
EC3-1-3-12,1.481611309,0.111291556,0.214098508
EC3-6-3-44,0.557638912,0.11124052,0.214098508
EC1-3-3-3,1.741267094,0.111511438,0.214309321
EC4-2-1-52,-0.769899298,0.112523422,0.216040523
EC1-6-1-2,1.704650691,0.112752119,0.21626591
EC4-2-2-25,-0.591754107,0.113135943,0.216788104
EC1-1-99-14,0.955768286,0.113328556,0.216943236
EC2-8-1-2,1.708984988,0.113714131,0.21703984
EC3-4-19-3,0.517164709,0.113642003,0.21703984
EC4-2-1-107,0.794701941,0.113511452,0.21703984
EC1-13-11-53,1.101294501,0.113952303,0.217280986
EC4-1-3-17,0.996103954,0.115407441,0.219839861
EC1-10-3-10,-1.095451406,0.115823743,0.219985859
EC1-15-1-2,0.455979651,0.115669657,0.219985859
EC3-1-3-15,0.38727415,0.115812005,0.219985859
EC2-7-7-73,1.254574687,0.115939468,0.219990611
EC2-6-1-29,-0.764079108,0.116283512,0.220428161
EC1-3-3-11,0.928115096,0.116713549,0.220696878
EC3-4-11-10,0.814722872,0.11655081,0.220696878
EC7-5-2-4,1.016479204,0.116766027,0.220696878
EC2-1-1-265,0.769125803,0.117113661,0.22092412
EC2-1-3-6,1.42763936,0.117056275,0.22092412
EC4-1-1-15,-0.715145229,0.117371439,0.221195642
EC1-2-1-88,1.611149954,0.117535211,0.221289646
EC3-1-4-1,0.397355147,0.118190746,0.22230844
EC1-2-1-91,0.933835138,0.118593312,0.222418633
EC1-2-99-6,1.234238902,0.118587871,0.222418633
EC3-3-2-12,0.933835138,0.118593312,0.222418633
EC3-6-1-45,1.548025755,0.118707217,0.222418633
EC3-5-99-6,0.165381358,0.118838453,0.222450014
EC3-4-22-71,0.706584655,0.119466069,0.223409598
EC1-1-1-8,1.633414109,0.119886768,0.223980759
EC2-4-2-9,0.221051103,0.12029683,0.224530971
EC2-7-1-184,1.388185872,0.120613252,0.224905516
EC3-1-3-81,0.813016998,0.120737185,0.224920759
EC7-3-2-5,1.060969676,0.121611253,0.226332054
EC1-1-1-107,0.484996815,0.122227646,0.227092467
EC1-14-14-10,0.688587719,0.122253587,0.227092467
EC2-5-1-114,-0.51264036,0.122819687,0.227708637
EC3-6-3-5,0.798017428,0.122724987,0.227708637
EC1-2-7-1,0.654281151,0.123072321,0.227959504
EC1-8-4-2,-0.344294618,0.123370554,0.228077056
EC2-7-1-45,-1.12720158,0.123345043,0.228077056
EC1-6-6-9,1.614167746,0.123775928,0.228391859
EC4-1-1-98,1.80386877,0.123759061,0.228391859
EC4-4-1-28,1.453065605,0.124173075,0.228907292
EC1-7-1-15,1.994862688,0.124598057,0.229473009
EC3-11-1-3,-0.376117289,0.125489189,0.230895354
EC1-17-7-4,-0.156965,0.126017226,0.231647559
EC1-1-99-33,-0.464450377,0.126263685,0.231866549
EC4-2-3-153,-0.494717753,0.126375026,0.231866549
EC2-6-1-37,0.834556631,0.126782564,0.232394833
EC1-12-98-2,-0.489576393,0.126955826,0.232475696
EC1-3-1-34,1.231078288,0.127065975,0.232475696
EC2-1-1-64,1.015546911,0.127536743,0.232612015
EC2-7-1-189,1.297051662,0.127438208,0.232612015
EC3-1-26-3,-0.166570294,0.127387215,0.232612015
EC4-3-3-7,0.135330063,0.127705426,0.232612015
EC4-3-99-2,-1.25944163,0.127739074,0.232612015
EC3-1-1-61,-0.708658602,0.128073722,0.233003036
EC3-6-1-61,0.737448094,0.128369923,0.233323443
EC1-1-99-1,1.766084998,0.128595555,0.233515106
EC5-4-2-1,-0.911948321,0.128793896,0.2336569
EC1-5-5-2,1.409632784,0.129219394,0.234210151
EC1-1-1-399,1.541601294,0.129694587,0.234663318
EC2-1-1-77,1.594306826,0.129710964,0.234663318
EC2-3-1-101,-0.427311469,0.130024334,0.234793012
EC4-2-1-12,1.6280869,0.129915381,0.234793012
EC1-7-1-4,2.087973014,0.130353095,0.235168118
EC2-7-7-3,-0.145510519,0.13095366,0.236032432
EC1-14-99-36,1.092825851,0.131674273,0.236266024
EC2-7-1-66,0.636051962,0.131307183,0.236266024
EC3-2-1-74,-1.013965001,0.131684352,0.236266024
EC4-1-3-27,0.375303918,0.131590062,0.236266024
EC4-2-1-33,0.193352469,0.131691253,0.236266024
EC2-1-1-35,1.753332371,0.133730195,0.23970207
EC5-1-2-3,1.881951149,0.133853189,0.23970207
EC1-1-99-31,0.501247022,0.134015037,0.239770918
EC2-7-1-207,0.791135731,0.134818022,0.240613523
EC3-4-24-57,1.367522988,0.134857502,0.240613523
EC3-6-5-3,-0.572995618,0.134841428,0.240613523
EC3-4-11-23,1.731389842,0.13528011,0.241146104
EC4-2-1-81,1.341297057,0.135830486,0.241905257
EC1-2-2-1,0.90223245,0.136171693,0.242290843
EC3-5-4-29,-0.393734627,0.136371276,0.24242396
EC4-3-1-3,0.701285805,0.13665368,0.242703931
EC4-2-3-3,0.178671355,0.136912305,0.242941195
EC4-1-1-25,1.29398103,0.137074728,0.243007479
EC6-1-1-17,-0.160333724,0.137497049,0.243533971
EC2-7-2-15,1.724044676,0.137792871,0.243835655
EC2-4-1-7,0.970217925,0.13806314,0.243967766
EC2-4-99-13,1.503809332,0.138142993,0.243967766
EC4-4-1-24,0.454022693,0.138244215,0.243967766
EC1-5-98-1,-0.450929518,0.138413755,0.244045304
EC2-4-1-25,-0.157873786,0.138693984,0.244173389
EC3-4-21-83,1.563608454,0.138737736,0.244173389
EC1-5-3-2,0.657391451,0.13978805,0.24572699
EC3-1-4-3,0.515043638,0.139873418,0.24572699
EC5-4-99-22,1.492509383,0.140044332,0.245805002
EC2-1-1-266,1.4516242,0.140194437,0.245846382
EC1-2-1-68,1.050272414,0.141246362,0.247182937
EC3-5-1-78,1.782486567,0.141140621,0.247182937
EC5-1-99-7,0.712889034,0.141338262,0.247182937
EC2-3-1-57,0.742568788,0.141703571,0.247376495
EC2-6-1-33,0.599093191,0.141610905,0.247376495
EC2-1-1-298,1.663474377,0.142903216,0.249246813
EC4-1-2-53,1.423369865,0.14332719,0.249762089
EC1-4-1-24,-0.480870612,0.14389462,0.250306419
EC3-2-1-73,-1.225384274,0.143897205,0.250306419
EC1-2-1-60,0.492222689,0.144435,0.251017177
EC2-7-8-26,0.170130026,0.144619708,0.251113576
EC1-1-1-381,0.699985937,0.145215716,0.251698606
EC1-16-1-3,1.696766024,0.145168273,0.251698606
EC3-4-17-14,-0.830883323,0.145398998,0.251791669
EC2-3-1-35,-0.261985021,0.145664282,0.252026446
EC1-2-1-59,-0.697761029,0.146427847,0.253122159
EC2-8-3-1,-0.850862129,0.146667879,0.253311723
EC3-1-4-14,1.487166049,0.146986356,0.253411259
EC6-1-1-21,-0.183085275,0.146933472,0.253411259
EC2-4-1-281,-0.670924075,0.147658723,0.254344768
EC3-4-24-3,0.725949431,0.147798664,0.254360323
EC3-5-1-103,-0.244836817,0.148170497,0.254549316
EC5-5-1-4,-0.988975233,0.148095133,0.254549316
EC7-6-2-5,1.3108679,0.149310886,0.256281848
EC1-7-99-1,0.304073216,0.149609786,0.256341989
EC2-4-1-352,1.239178187,0.149554393,0.256341989
EC2-7-8-11,-1.070050623,0.150131099,0.256857125
EC7-3-2-1,-0.157878624,0.150174829,0.256857125
EC5-4-99-24,0.591184263,0.150394901,0.257007294
EC3-5-99-4,1.022968689,0.150644118,0.257206961
EC3-5-3-9,0.849641245,0.151169817,0.257877924
EC2-7-4-3,-0.152468995,0.151591746,0.258220657
EC6-3-2-45,1.212593496,0.151636526,0.258220657
EC2-7-1-33,0.1445921,0.151893655,0.258277548
EC5-4-99-2,0.795681124,0.151935789,0.258277548
EC7-5-2-6,1.356204262,0.152395062,0.258831822
EC2-7-7-27,0.243796503,0.152756818,0.259219648
EC2-1-1-10,1.077230771,0.153444439,0.260159289
EC2-5-1-64,1.550285068,0.154548948,0.26157544
EC5-99-1-2,0.132456089,0.154547041,0.26157544
EC1-8-4-13,1.36034486,0.155124271,0.262297793
EC5-1-99-8,1.101106019,0.155245735,0.262297793
EC1-1-1-276,-1.183390134,0.156736342,0.264586197
EC1-3-1-6,0.709738001,0.157046983,0.264650727
EC3-2-2-27,0.216399907,0.156939017,0.264650727
EC3-1-3-74,1.323390962,0.157221516,0.264715256
EC1-1-1-35,-1.371470252,0.157467446,0.264899782
EC2-4-1-292,-0.903090394,0.157874154,0.265124876
EC2-7-1-168,0.484204125,0.157846202,0.265124876
EC2-6-1-2,-1.133910052,0.158170942,0.265393904
EC1-16-1-1,0.632485145,0.158528948,0.265509586
EC2-8-1-7,0.131648011,0.158649835,0.265509586
EC3-6-1-67,1.385254233,0.158544047,0.265509586
EC2-7-1-202,2.215652137,0.159119283,0.266050638
EC2-7-4-1,0.166854433,0.159246985,0.266050638
EC2-6-1-66,1.304152691,0.159705108,0.26658679
EC3-1-6-6,0.926046996,0.160242144,0.26702443
EC5-4-99-9,0.338660471,0.160170656,0.26702443
EC2-7-1-192,1.128031485,0.160574911,0.26734966
EC1-1-1-51,-0.563907828,0.160721263,0.267364224
EC3-1-1-4,1.340830701,0.161070783,0.26771645
EC2-3-1-46,1.485000209,0.161802401,0.268244083
EC3-7-1-8,0.926260484,0.161552503,0.268244083
EC4-2-1-53,-0.383385087,0.161710728,0.268244083
EC4-1-1-104,0.808960351,0.162463709,0.269110815
EC3-1-2-26,0.362328399,0.163207165,0.270112028
EC3-2-1-32,-0.618257852,0.163404573,0.270208583
EC1-14-12-19,1.354066511,0.163717605,0.270496009
EC6-1-1-19,-0.140793418,0.164248993,0.27114341
EC2-1-1-188,0.913100047,0.164406202,0.271172538
EC1-1-1-251,1.458490973,0.164868315,0.271704101
EC2-4-1-289,0.599055625,0.165068752,0.271803886
EC1-21-98-4,0.669843126,0.165517192,0.272311519
EC1-12-2-1,0.365923561,0.165827363,0.272591003
EC3-1-11-1,1.814122918,0.166193801,0.27296243
EC4-1-2-57,1.212858646,0.166608337,0.273412161
EC2-4-1-4,0.538676197,0.168202144,0.275794739
EC1-14-14-51,1.214838286,0.168890499,0.276689916
EC3-2-1-180,-0.520816312,0.169693346,0.277770995
EC2-5-1-97,-1.092017477,0.170698989,0.279181932
EC1-11-1-18,1.005105078,0.171789916,0.280490279
EC1-8-5-7,1.226222315,0.171947332,0.280490279
EC2-4-1-10,0.868963032,0.172076383,0.280490279
EC2-7-7-59,1.866200954,0.171769884,0.280490279
EC1-3-98-1,0.857548461,0.172760349,0.281369118
EC2-3-1-182,-0.419103831,0.173240516,0.281914844
EC2-7-7-4,-0.355270997,0.173430773,0.281988278
EC2-7-4-25,-0.134886069,0.174126785,0.282646903
EC3-1-2-28,1.793153682,0.174078158,0.282646903
EC1-17-1-9,1.978393091,0.174549353,0.283096321
EC2-7-1-92,-0.268939173,0.175212689,0.283935159
EC1-1-1-77,-0.319498197,0.17606112,0.285072297
EC6-3-4-23,-0.418015061,0.17667765,0.285832367
EC1-1-1-36,1.11856277,0.177059495,0.286060808
EC3-1-3-82,1.492998202,0.177260532,0.286060808
EC4-2-1-120,1.232479154,0.177243821,0.286060808
EC1-17-99-5,0.669650622,0.178100881,0.287178433
EC3-5-1-102,-0.401782555,0.178456499,0.287513249
EC1-1-1-329,0.476968382,0.179028038,0.28774344
EC4-2-1-149,1.339654328,0.178919158,0.28774344
EC6-3-5-1,-0.226442501,0.179043653,0.28774344
EC3-4-19-13,1.288171274,0.179386699,0.288056492
EC6-3-5-7,-0.272869206,0.180183437,0.289096959
EC1-12-1-2,-0.613365567,0.180580169,0.289494446
EC3-6-3-6,0.742251132,0.18128131,0.290378884
EC6-1-1-23,0.238108309,0.181551573,0.290572245
EC4-2-1-35,0.696149229,0.181750397,0.290651046
EC3-7-1-4,-0.704049235,0.183211169,0.292505589
EC4-3-1-4,-1.144395637,0.183195027,0.292505589
EC6-2-1-17,1.254710472,0.18401715,0.293551167
EC1-2-7-8,-0.551483259,0.184905021,0.29400201
EC2-7-1-51,0.941258618,0.184748221,0.29400201
EC3-5-99-7,0.537414694,0.184852825,0.29400201
EC7-3-2-3,1.511046975,0.184796717,0.29400201
EC3-1-12-1,-0.373225437,0.185200071,0.294230367
EC5-1-3-8,0.924498274,0.185497807,0.294462613
EC2-4-2-22,0.120549917,0.186843776,0.296357108
EC4-2-3-5,0.139979642,0.187168017,0.296629248
EC2-7-1-22,1.209061829,0.188326065,0.298221308
EC1-1-1-346,1.1915843,0.188867018,0.298348468
EC3-4-25-1,-0.822159888,0.188699908,0.298348468
EC4-3-2-10,0.164826343,0.188790281,0.298348468
EC1-1-1-56,0.70788763,0.189249861,0.298710382
EC2-5-1-42,-0.433046593,0.190460894,0.300344082
EC3-1-1-2,0.841057652,0.190594057,0.300344082
EC1-13-11-24,1.167964726,0.191890041,0.302141288
EC2-1-2-1,-0.11557326,0.192624205,0.303051684
EC2-6-99-2,-0.705748186,0.193415672,0.304050688
EC3-1-2-14,1.120145602,0.193851988,0.304244275
EC7-2-2-8,1.389036517,0.193736268,0.304244275
EC1-5-1-34,0.860618182,0.194428615,0.304902986
EC4-1-1-74,1.029085706,0.19485324,0.304972811
EC4-2-2-n2,1.545896861,0.194801822,0.304972811
EC6-3-4-13,0.116104455,0.19494402,0.304972811
EC3-6-3-20,0.29930075,0.195782806,0.306038611
EC2-3-1-202,-0.717991247,0.196086034,0.306266209
EC3-6-1-8,1.035733025,0.1964736,0.306625065
EC2-7-1-201,1.159778499,0.198324473,0.309265209
EC2-7-1-198,1.147557256,0.19851444,0.309313197
EC5-3-1-25,0.288676089,0.198923285,0.309701877
EC3-5-4-39,-0.408968697,0.200958688,0.312620281
EC4-1-1-8,1.435642273,0.201439703,0.312867581
EC6-5-1-2,0.124116453,0.201356466,0.312867581
EC1-7-5-1,1.734160592,0.202310391,0.31383899
EC3-1-26-12,-1.210185019,0.202388191,0.31383899
EC7-2-1-1,-0.790422985,0.20270015,0.314072083
EC2-7-1-166,0.355801812,0.20306662,0.314138888
EC3-4-24-15,0.285450498,0.20302718,0.314138888
EC1-1-1-264,1.497582432,0.203467225,0.314258202
EC4-2-1-90,1.253682921,0.203372693,0.314258202
EC5-4-99-27,1.491101406,0.204422624,0.315483049
EC4-1-1-41,-0.940185502,0.20502767,0.316165685
EC2-7-7-67,-0.329528138,0.205877361,0.317224197
EC3-1-3-22,1.211529308,0.207370157,0.319018381
EC3-1-3-50,1.211529308,0.207370157,0.319018381
EC1-1-5-3,0.883665522,0.209294923,0.321216458
EC2-7-7-82,0.274784279,0.20917811,0.321216458
EC3-1-3-5,0.284627732,0.208975783,0.321216458
EC5-4-2-11,0.42349886,0.210058996,0.322134671
EC3-4-17-19,-0.483390301,0.210549274,0.322631892
EC4-1-99-14,-0.971863288,0.210933742,0.322966321
EC1-1-1-28,0.487761663,0.211458506,0.323514864
EC3-1-4-16,1.015468245,0.211912184,0.323953873
EC1-3-1-89,-0.488900546,0.212142742,0.324051374
EC3-1-4-53,1.309160899,0.212624936,0.324532797
EC4-3-1-12,-1.156687829,0.213822268,0.326104134
EC2-8-1-1,0.386215413,0.215394977,0.327987807
EC4-3-1-32,-0.373035219,0.215285354,0.327987807
EC2-3-1-n5,1.118171776,0.216356112,0.329193364
EC1-11-1-5,1.213774919,0.216953947,0.329780867
EC2-7-7-19,1.152074511,0.217081693,0.329780867
EC2-3-1-117,1.077743951,0.217395564,0.329999672
EC3-2-1-183,-0.928506741,0.217620005,0.33008249
EC1-1-1-373,1.016324557,0.218180202,0.33067405
EC3-2-1-18,0.639267003,0.219506494,0.332424877
EC1-2-1-22,1.005953863,0.219811311,0.332627241
EC6-1-1-5,-0.143885121,0.220636469,0.333616078
EC5-4-2-9,-0.899203482,0.220898249,0.333752175
EC3-6-3-28,0.88574041,0.221536331,0.3341965
EC4-2-2-21,-0.40289809,0.221489494,0.3341965
EC2-5-1-7,-0.139258658,0.221832108,0.334383076
EC3-4-19-5,1.055208114,0.222033971,0.334427912
EC2-1-1-163,-0.328287747,0.222624131,0.335057077
EC4-2-1-104,-1.358916088,0.223084958,0.335490769
EC5-1-3-26,0.40632921,0.224360277,0.337147732
EC6-3-2-29,0.753188181,0.225280988,0.338269675
EC2-6-1-39,0.7362726,0.225520886,0.338368403
EC4-2-1-136,0.139217156,0.226983799,0.340300556
EC6-1-1-7,-0.120851891,0.227327859,0.340553608
EC6-3-2-2,0.659087948,0.227882857,0.341122027
EC7-6-2-2,1.190169437,0.228694389,0.342073285
EC7-4-2-1,0.865573413,0.229015851,0.342290615
EC2-4-1-320,-0.811560962,0.229981719,0.343206206
EC3-5-1-54,1.082948784,0.229921159,0.343206206
EC2-3-2-3,0.207680924,0.231459054,0.344239208
EC2-6-1-11,0.204586842,0.231559776,0.344239208
EC3-1-1-10,-1.111801888,0.231217063,0.344239208
EC3-2-1-187,0.652865958,0.231479321,0.344239208
EC3-6-1-3,-0.354247014,0.23151909,0.344239208
EC2-3-1-38,0.56622196,0.232232963,0.34497603
EC2-6-1-77,0.899292948,0.232459492,0.345048735
EC5-3-1-13,1.139331955,0.234145882,0.347286602
EC1-6-99-1,0.921536336,0.234969182,0.348241892
EC2-7-8-37,1.614569805,0.235736375,0.348846745
EC3-4-13-22,-0.469178369,0.235704015,0.348846745
EC1-8-4-12,0.330386788,0.236169604,0.349221872
EC1-1-1-131,-0.762310424,0.236352684,0.349226818
EC2-1-1-196,-0.415877496,0.237194848,0.350059334
EC6-1-1-6,-0.122348837,0.23727645,0.350059334
EC3-2-1-172,-0.699283561,0.237481886,0.350096589
EC5-4-99-16,-0.628266452,0.237991833,0.350582359
EC2-7-7-76,0.753976321,0.239173838,0.35136117
EC3-5-4-43,-0.721033709,0.238975511,0.35136117
EC4-1-1-48,0.23016142,0.239092683,0.35136117
EC4-3-2-1,0.118252415,0.239243864,0.35136117
EC3-2-1-37,0.403654654,0.239855554,0.35199346
EC1-14-12-18,0.833683403,0.240655258,0.352634364
EC4-3-1-18,0.49549274,0.240608904,0.352634364
EC2-7-4-22,-0.094934852,0.240885302,0.352705458
EC1-13-12-4,0.460117488,0.241166267,0.352850946
EC2-2-1-9,0.549881359,0.241511774,0.353025024
EC2-4-2-19,0.244641492,0.241648627,0.353025024
EC2-3-1-179,0.117409878,0.242857808,0.354524959
EC1-1-1-169,0.123395144,0.24392181,0.355810869
EC6-3-3-1,0.139727622,0.245718603,0.358162975
EC2-4-1-251,-0.474335301,0.246639714,0.359236105
EC2-5-1-89,-0.332348616,0.246841105,0.359260125
EC3-1-3-70,1.210978578,0.247462356,0.359703858
EC6-2-1-30,0.392249203,0.247516242,0.359703858
EC4-1-1-18,1.045929886,0.247835473,0.359898598
EC1-17-7-3,0.146899572,0.248648595,0.360809723
EC2-7-7-12,0.167940084,0.248878519,0.360873853
EC1-1-1-237,0.74608001,0.250409658,0.362350439
EC1-17-98-1,-0.535136524,0.250304734,0.362350439
EC4-2-1-20,0.129017261,0.250456325,0.362350439
EC2-8-1-10,-0.186864879,0.251254963,0.362695686
EC3-4-21-53,0.131995653,0.250919795,0.362695686
EC3-5-4-28,0.390010571,0.251229112,0.362695686
EC2-4-1-21,-0.140897741,0.251558496,0.36286426
EC3-5-4-41,-0.298630318,0.251833893,0.362992028
EC3-5-2-12,0.858715952,0.252318653,0.363421159
EC6-5-1-3,0.374734921,0.254607732,0.366446536
EC2-7-1-11,-0.101078608,0.255196586,0.367022181
EC3-5-4-16,0.191530827,0.256337245,0.368389991
EC3-5-1-105,0.877296609,0.257172143,0.369316684
EC2-4-1-56,0.671968632,0.257712088,0.369818749
EC2-4-1-73,0.681354654,0.258583919,0.370795981
EC3-1-1-27,-0.806003547,0.259293491,0.371539272
EC2-8-2-22,-0.738306563,0.262833217,0.37627982
EC4-2-1-43,0.289913529,0.262989189,0.37627982
EC3-4-11-6,0.410582324,0.263762719,0.377108877
EC2-5-1-101,-0.632169411,0.265546168,0.379379562
EC3-2-1-n2,-0.797941303,0.26697412,0.380859556
EC4-1-3-38,0.831443765,0.266799525,0.380859556
EC2-1-3-15,0.16053703,0.267856158,0.381727178
EC3-2-1-91,0.581867192,0.267975229,0.381727178
EC1-1-1-193,-0.196166304,0.26951728,0.3827779
EC2-6-1-13,0.796251193,0.269450131,0.3827779
EC3-1-21-4,0.536452217,0.269139483,0.3827779
EC3-5-1-10,0.5929561,0.269708815,0.3827779
EC3-6-3-25,0.274936787,0.26930491,0.3827779
EC6-2-1-33,0.8810408,0.269894865,0.3827779
EC3-4-24-71,-1.010925468,0.271572127,0.384875742
EC2-1-4-1,0.477958479,0.271879421,0.385030404
EC3-2-1-40,0.925912383,0.272260324,0.385276955
EC4-3-99-3,-0.297426104,0.272450096,0.385276955
EC2-7-1-217,0.781532869,0.272761614,0.385436957
EC2-7-8-7,0.258503778,0.273353764,0.385992997
EC3-6-1-1,0.217575132,0.274089521,0.386750864
EC3-2-1-55,0.338832297,0.274430645,0.386951192
EC5-4-99-12,0.143408513,0.275794249,0.388591897
EC4-3-1-14,0.382825029,0.276003396,0.388604781
EC3-1-1-85,1.28790399,0.276950684,0.389656176
EC4-2-1-79,1.162932011,0.2772383,0.389778594
EC6-3-5-5,0.096514315,0.277533317,0.389911233
EC4-3-2-3,1.14738323,0.278220936,0.390594855
EC3-2-2-10,1.016052471,0.278757723,0.391065888
EC2-8-1-13,-0.141344479,0.279526669,0.391861701
EC5-3-1-14,0.262639553,0.27988339,0.392078894
EC1-1-1-157,0.347795531,0.280268187,0.392087344
EC3-4-21-116,-0.385567646,0.280293011,0.392087344
EC2-1-1-206,-0.335331248,0.282283916,0.394588236
EC2-1-1-216,-0.254122685,0.283067462,0.394831356
EC2-1-1-242,0.551137302,0.282942639,0.394831356
EC4-3-3-6,-0.350024331,0.282917201,0.394831356
EC2-7-7-6,-0.102127715,0.2839509,0.395779483
EC2-1-1-227,0.884870664,0.284214007,0.395862233
EC3-2-1-n1,-0.738018441,0.284502251,0.395979852
EC2-4-1-329,0.900448999,0.285192438,0.39665634
EC7-1-1-7,1.431365426,0.287385406,0.399420489
EC1-3-7-11,-0.318895665,0.288795672,0.401093632
EC2-1-1-210,-0.360282088,0.289122566,0.401260818
EC6-3-3-2,0.109564257,0.28982805,0.40195282
EC3-4-23-51,1.2084003,0.290299478,0.402319462
EC5-4-99-61,0.373823714,0.290850966,0.402796456
EC2-6-1-57,1.146505795,0.291192699,0.402982488
EC4-1-3-39,-0.644560548,0.292883841,0.40503438
EC5-4-2-6,0.433455171,0.29344061,0.405515722
EC4-1-1-47,1.225747503,0.293862885,0.405810651
EC5-1-1-3,0.099491864,0.294484044,0.406379614
EC4-1-1-12,-0.599052306,0.295063446,0.406601615
EC4-2-2-12,-0.726371573,0.294865642,0.406601615
EC3-1-4-46,0.306317322,0.296463256,0.408241039
EC3-6-1-65,0.799924692,0.297163126,0.408914981
EC3-1-1-96,-0.09973974,0.29757328,0.409189584
EC3-2-1-96,0.64483655,0.298296056,0.409843211
EC3-4-21-88,0.162064762,0.29847048,0.409843211
EC2-4-1-345,1.053635373,0.299382108,0.410804686
EC2-5-1-78,-0.156734979,0.300053848,0.411435869
EC2-6-1-16,0.120817131,0.30101438,0.411887402
EC2-7-4-8,0.080656539,0.301238969,0.411887402
EC3-1-4-58,0.754753778,0.301443071,0.411887402
EC3-4-14-12,-0.663876497,0.301243921,0.411887402
EC3-5-1-77,0.489006807,0.300617714,0.411887402
EC3-2-1-83,-0.526213554,0.301924912,0.41225587
EC3-2-1-8,0.321254491,0.302559023,0.412831588
EC1-1-1-287,-0.48892375,0.303897452,0.414366842
EC6-2-1-48,0.861589087,0.305066763,0.415669509
EC3-2-2-4,0.748238314,0.306046696,0.416420679
EC3-5-3-22,-0.516183141,0.305979051,0.416420679
EC2-7-14-1,-0.383052596,0.306301157,0.416475261
EC2-3-1-19,0.688694127,0.306917771,0.416748222
EC4-1-1-23,-0.089527479,0.306930883,0.416748222
EC2-7-1-24,-0.094615749,0.307826448,0.417672339
EC1-2-7-3,-0.971041339,0.308208757,0.417899242
EC3-6-3-43,-0.57975913,0.310733743,0.421029053
EC3-6-1-31,-0.118329643,0.31154064,0.421828198
EC3-5-4-42,1.013070351,0.312033151,0.421907037
EC6-2-1-16,-0.838390636,0.311913187,0.421907037
EC1-1-1-336,-0.553424156,0.31373629,0.42391489
EC2-3-1-1,-0.130451377,0.315077686,0.425065965
EC3-4-21-26,-0.588614975,0.315244496,0.425065965
EC4-3-2-2,-0.097607895,0.315080998,0.425065965
EC3-5-4-26,-0.176861885,0.318011538,0.428499596
EC1-1-1-22,-0.131445007,0.318579667,0.428967631
EC6-1-1-10,-0.111674215,0.319147483,0.429434598
EC2-4-1-290,-0.666698092,0.319969766,0.430243083
EC2-7-1-40,-0.108530432,0.321299542,0.431732373
EC4-2-1-55,-0.459317962,0.321769932,0.432065638
EC2-3-1-86,-0.846262987,0.322346983,0.432541566
EC6-3-2-4,0.066186832,0.322724372,0.432749107
EC5-3-1-16,0.123909621,0.32407266,0.434257365
EC2-1-2-5,-0.604330118,0.32630206,0.436943421
EC6-3-5-9,-0.763205357,0.327961163,0.43886263
EC4-2-2-8,-0.843653765,0.328848046,0.439746561
EC6-2-1-25,0.36427967,0.329408699,0.439890792
EC6-3-4-2,-0.096036055,0.329224105,0.439890792
EC2-1-1-297,-0.16863765,0.329827765,0.440147904
EC2-7-2-8,-0.100072969,0.332078264,0.442846992
EC4-2-1-135,0.446895413,0.332334354,0.442884534
EC1-1-1-262,0.584294546,0.33308046,0.443574594
EC1-2-1-41,0.076728614,0.334122619,0.444657704
EC1-21-4-1,0.675921625,0.335398399,0.446050026
EC3-4-21-92,-0.110205898,0.339084872,0.450644259
EC1-14-11-33,0.639933229,0.340218756,0.451842134
EC2-4-1-175,-0.603269398,0.341093363,0.452385259
EC2-4-1-226,-0.603269398,0.341093363,0.452385259
EC2-1-2-10,-0.32720584,0.342040565,0.453332072
EC2-5-1-30,0.83543826,0.342928141,0.454198621
EC6-1-1-15,-0.085834561,0.343344204,0.454439911
EC4-1-2-28,0.385798309,0.343685578,0.454582082
EC2-1-1-34,-0.713784866,0.34408095,0.454795432
EC1-6-5-11,0.283269456,0.344394153,0.454899958
EC2-7-8-28,-0.215434829,0.345476298,0.455718874
EC5-1-3-1,0.072050588,0.345483223,0.455718874
EC1-4-99-5,0.193769616,0.34592593,0.455993271
EC4-2-1-114,-0.193323047,0.347177559,0.457332879
EC1-3-1-9,0.373570923,0.348198013,0.458144651
EC3-6-1-27,0.074059057,0.348265389,0.458144651
EC2-4-1-44,0.869067563,0.349948229,0.459133424
EC2-7-1-167,0.595426498,0.349405744,0.459133424
EC3-5-2-19,0.245187429,0.349659091,0.459133424
EC5-5-1-6,-0.548292446,0.349962224,0.459133424
EC1-1-1-31,-0.554515972,0.35021781,0.459158707
EC2-1-1-173,0.263621087,0.352406105,0.460079037
EC2-3-1-9,-0.361051854,0.351509391,0.460079037
EC2-4-2-7,-0.106559492,0.352577296,0.460079037
EC2-7-1-26,-0.089293155,0.352414298,0.460079037
EC3-5-2-3,0.082051588,0.352118141,0.460079037
EC5-3-1-17,-0.210202302,0.351205665,0.460079037
EC6-3-2-10,0.092832729,0.352524047,0.460079037
EC2-1-3-2,-0.092702508,0.353808618,0.461375936
EC1-3-1-87,0.975104985,0.354163535,0.461529006
EC2-1-1-131,0.275355212,0.355515192,0.462399267
EC3-1-25-1,0.494634497,0.355545294,0.462399267
EC4-2-3-12,-0.846079401,0.355292232,0.462399267
EC2-7-7-58,0.592777026,0.356495175,0.463324499
EC7-2-2-7,0.235683283,0.357197767,0.463927314
EC2-5-1-72,0.127629182,0.357646752,0.46420016
EC3-5-3-19,0.443625843,0.358134798,0.464213418
EC4-2-1-130,0.953747779,0.358109105,0.464213418
EC2-7-7-2,-0.103788847,0.360599472,0.467096516
EC4-1-2-42,0.630125098,0.361175162,0.467530539
EC4-2-2-20,-0.234600103,0.361859477,0.468104503
EC3-1-1-5,0.892510607,0.362647751,0.468812096
EC2-4-1-58,1.150843119,0.363831115,0.47002916
EC3-6-1-66,0.104462846,0.364584849,0.470689941
EC3-1-1-24,0.638403788,0.366194585,0.472454236
EC2-4-1-182,0.298391267,0.369135535,0.475932544
EC3-5-3-12,-0.463755815,0.369657847,0.476289918
EC3-5-4-9,0.095122836,0.370253001,0.476505271
EC4-2-1-6,0.554991117,0.37031547,0.476505271
EC3-5-5-7,-0.464754807,0.370652489,0.476623286
EC6-2-1-5,0.58978652,0.371415677,0.477288796
EC3-7-1-19,0.236837404,0.371960199,0.477672615
EC4-4-1-11,-0.237407237,0.374047446,0.480035792
EC2-4-2-31,-0.661218601,0.375267911,0.481284192
EC3-4-24-78,-0.190951552,0.375707256,0.481529814
EC3-1-13-5,0.817723776,0.376201403,0.481845303
EC2-7-1-162,0.520824469,0.376461739,0.481861105
EC1-7-2-1,0.278634465,0.377136649,0.482407182
EC1-5-99-8,0.573003975,0.37983107,0.484898925
EC1-8-4-14,0.559586084,0.379770745,0.484898925
EC3-2-1-141,-0.262529437,0.379833332,0.484898925
EC2-1-1-220,0.554796733,0.38151171,0.486402397
EC3-6-1-63,0.547951008,0.381310503,0.486402397
EC3-1-6-1,0.405821411,0.383669805,0.48883307
EC3-1-2-2,0.922863998,0.384133183,0.489102736
EC2-7-1-59,-0.79177836,0.38553942,0.49057177
EC1-3-1-91,0.993526264,0.38632071,0.491244201
EC2-4-1-157,0.770927246,0.387062999,0.491866192
EC2-7-7-87,0.138674199,0.387454185,0.492041491
EC5-3-1-24,0.194236441,0.389013412,0.493698928
EC2-3-1-54,0.210535332,0.389522149,0.494021889
EC4-2-1-129,-0.247298211,0.390375209,0.494780842
EC3-5-1-44,-0.413017666,0.39097389,0.495216602
EC1-3-99-31,-0.279622084,0.391544156,0.495615828
EC3-6-3-53,-0.800201862,0.393688027,0.498005102
EC1-1-1-9,0.506418409,0.394399335,0.498580292
EC3-6-1-25,0.879623861,0.394885885,0.498870789
EC3-5-2-5,1.343319936,0.395236977,0.498989893
EC2-7-7-33,-0.490096104,0.396155382,0.499824614
EC1-3-3-1,-0.588478338,0.397998693,0.501824439
EC2-4-2-8,0.07893133,0.398584272,0.502236862
EC1-7-7-1,0.465669198,0.402449835,0.506779021
EC1-1-1-266,-0.537122282,0.403121582,0.507022813
EC2-1-3-3,-0.114900782,0.403687232,0.507022813
EC2-7-1-4,0.369302184,0.403651426,0.507022813
EC4-1-1-2,-0.433279981,0.403557971,0.507022813
EC3-5-1-88,-0.106154159,0.403970259,0.507050526
EC1-1-1-40,-0.213085506,0.406976003,0.510164113
EC2-4-1-212,0.203971763,0.406915847,0.510164113
EC2-7-7-43,-0.65021069,0.409643988,0.513177478
EC1-14-13-24,0.370927934,0.410817216,0.514315626
EC3-1-11-3,0.350003581,0.413468883,0.517011526
EC3-2-1-11,0.701003958,0.413502785,0.517011526
EC5-4-3-2,0.514949115,0.413863741,0.517130063
EC1-1-1-94,-0.086025415,0.414263811,0.517297291
EC6-3-5-12,-0.180179251,0.415527553,0.518542091
EC2-1-1-98,-0.220877274,0.417761308,0.520651838
EC2-3-1-48,0.473095326,0.418022062,0.520651838
EC2-7-8-8,0.412063326,0.417666993,0.520651838
EC2-5-1-56,-0.684341927,0.419018285,0.521558314
EC4-1-2-14,0.237438573,0.421197505,0.52393518
EC2-8-1-8,-0.365106564,0.422102657,0.524725184
EC2-1-1-193,0.084585523,0.4227337,0.525173644
EC3-2-1-22,0.163595267,0.423024693,0.525199347
EC1-16-3-2,-0.186959504,0.423990647,0.52606247
EC2-7-8-33,0.618924536,0.425668626,0.527807365
EC2-1-1-230,0.240534941,0.426408579,0.528204525
EC5-3-1-1,0.065960027,0.42653263,0.528204525
EC1-9-6-1,0.726264166,0.426929198,0.528358874
EC2-4-1-227,-0.07952007,0.432115641,0.534437104
EC2-4-1-150,0.500456225,0.435950931,0.538837569
EC3-1-3-71,0.532595117,0.436758363,0.539186534
EC4-2-1-49,0.380717082,0.436788268,0.539186534
EC3-4-17-11,-0.604410204,0.439161712,0.541428431
EC3-6-1-22,0.194469741,0.439120825,0.541428431
EC2-7-2-7,0.272904797,0.43995439,0.54206175
EC1-3-99-33,0.378479917,0.448153808,0.55151985
EC6-1-1-14,0.086453113,0.448198581,0.55151985
EC2-4-1-8,0.670433365,0.451159696,0.554812208
EC2-3-1-274,0.618978426,0.453566481,0.557419148
EC2-6-1-53,0.298123367,0.455238165,0.559119946
EC2-4-2-18,0.161581208,0.457092862,0.561043229
EC2-1-1-198,0.061870543,0.457801278,0.561558008
EC1-17-1-2,0.726518913,0.458868278,0.562358158
EC2-7-7-49,-0.254019074,0.45910432,0.562358158
EC3-4-25-2,0.611611731,0.459321872,0.562358158
EC5-3-1-31,0.4923464,0.462540817,0.565942574
EC3-5-3-1,0.503529211,0.463136819,0.566315191
EC1-13-12-16,0.208142279,0.464634321,0.567788985
EC3-2-1-103,-0.272372594,0.466204015,0.569349089
EC1-1-1-261,0.289624492,0.467835976,0.57098323
EC7-1-1-1,0.652087134,0.468196381,0.571064387
EC2-7-4-7,-0.165358486,0.472114605,0.575482232
EC2-5-1-16,0.167370284,0.4766667,0.580391271
EC3-1-11-6,-0.071859978,0.476739304,0.580391271
EC3-8-1-2,-0.425171072,0.478376371,0.582019593
EC2-1-2-9,-0.062741978,0.479110893,0.582548476
EC1-1-1-37,-0.283160159,0.480814201,0.584253905
EC1-1-1-268,-0.633684066,0.483714325,0.587410583
EC2-6-1-59,0.664893016,0.48414037,0.587560736
EC6-3-4-21,0.091160085,0.487523917,0.591297735
EC5-3-1-12,0.096427628,0.487992143,0.591496402
EC6-1-1-9,-0.059828084,0.488312752,0.591516008
EC2-1-1-170,0.640905789,0.488854646,0.591803475
EC1-2-4-2,0.713540198,0.489315663,0.591992735
EC3-2-1-151,0.307555945,0.490918742,0.593562611
EC3-1-1-53,0.33688073,0.492868225,0.595549105
EC2-4-1-11,-0.398025475,0.493530938,0.595609076
EC2-5-1-47,0.069622472,0.493452932,0.595609076
EC5-4-2-10,-0.095337003,0.495639695,0.597782698
EC1-2-1-50,-0.426674309,0.496189783,0.598074906
EC1-1-1-281,0.242927748,0.497510976,0.599295615
EC1-3-5-1,-0.373359856,0.498686015,0.599673224
EC2-3-1-47,0.365922534,0.4985451,0.599673224
EC2-6-1-17,0.564710158,0.49875035,0.599673224
EC4-2-1-3,-0.334809784,0.500852863,0.601828764
EC1-3-99-2,-0.502229093,0.502392014,0.603305119
EC2-7-1-148,-0.063882991,0.503833056,0.604288659
EC7-3-2-2,-0.303872403,0.503828511,0.604288659
EC3-4-21-105,0.202618882,0.504378965,0.604570222
EC2-1-1-189,0.168915147,0.505143981,0.604770777
EC7-2-4-1,0.572594941,0.505168796,0.604770777
EC3-1-3-7,-0.355156111,0.506208259,0.605642024
EC1-1-1-267,-0.060846936,0.508449392,0.607575134
EC1-1-1-65,0.57411666,0.508397364,0.607575134
EC1-13-11-63,0.261979108,0.510871192,0.60994534
EC6-2-1-3,-0.184992378,0.511060738,0.60994534
EC4-1-3-4,0.502934999,0.511835459,0.610494964
EC1-1-1-85,0.077305527,0.5130124,0.61152337
EC3-5-99-2,0.267420964,0.515456543,0.614060125
EC2-7-7-71,-0.242359127,0.516544118,0.614978689
EC3-2-1-135,0.192361326,0.517222174,0.61540887
EC1-3-1-44,0.294124735,0.51984237,0.617392252
EC2-7-1-47,0.369102375,0.519563229,0.617392252
EC5-2-1-5,-0.224851407,0.519248658,0.617392252
EC2-1-1-182,0.060151697,0.521168616,0.618589262
EC3-4-24-11,0.209209327,0.522922641,0.620292242
EC3-6-1-54,0.552249007,0.524207156,0.62143655
EC2-7-7-72,-0.068198141,0.525579167,0.622683123
EC2-3-1-31,-0.097320082,0.526164688,0.622996946
EC1-1-1-136,0.433525238,0.528857462,0.625548043
EC2-7-1-161,-0.176160781,0.528963167,0.625548043
EC4-2-2-1,0.464653619,0.529569579,0.625884241
EC6-1-1-22,-0.051610962,0.532843517,0.629370792
EC2-4-1-52,0.315653825,0.533301671,0.62952925
EC3-2-2-9,0.068636114,0.533836811,0.629778338
EC2-5-1-77,0.145671885,0.534501253,0.630179572
EC3-4-23-49,0.657198662,0.536586042,0.632253899
EC2-3-3-1,-0.372891207,0.54064476,0.636650163
EC1-3-1-26,-0.417192294,0.542151042,0.638037234
EC3-4-19-1,0.298937773,0.543643442,0.6394063
EC3-6-1-19,-0.510796276,0.544161393,0.639628305
EC5-3-1-4,0.097214518,0.548142124,0.643917864
EC5-1-1-1,-0.041826248,0.549118066,0.644674563
EC2-7-6-2,0.180506721,0.549962754,0.645276347
EC1-3-1-98,0.06014003,0.551468784,0.646430604
EC2-5-1-90,0.322401866,0.55161191,0.646430604
EC2-5-1-108,-0.216084724,0.552140258,0.646659748
EC3-5-4-33,0.061833971,0.553718577,0.64772739
EC7-6-2-7,0.385651851,0.553563972,0.64772739
EC1-1-1-215,-0.369411202,0.55803889,0.651604305
EC1-14-13-59,0.532026995,0.557710542,0.651604305
EC2-7-7-60,0.05732571,0.557421562,0.651604305
EC2-1-1-37,-0.119481864,0.558902891,0.652221212
EC3-2-2-24,0.413863959,0.559392276,0.652400475
EC3-2-2-31,0.366215267,0.561574314,0.654160008
EC3-4-24-70,0.640591348,0.561504685,0.654160008
EC6-3-2-1,0.098319426,0.562194637,0.654490221
EC2-4-1-246,0.28470526,0.563515725,0.655635362
EC1-10-3-9,0.342748092,0.565605732,0.657673212
EC2-3-1-102,0.520529228,0.567172257,0.659100296
EC2-7-6-3,0.282701778,0.567653926,0.659265737
EC4-1-1-3,0.193884402,0.569370095,0.660863856
EC2-4-1-187,0.14234223,0.570148765,0.661372568
EC2-1-1-52,-0.243183962,0.571606768,0.662668228
EC2-3-1-266,0.098724252,0.574794683,0.665966648
EC1-3-1-43,0.184008732,0.575870097,0.666815017
EC3-2-1-68,0.430835655,0.577343935,0.668123445
EC2-7-7-53,0.33133742,0.577846011,0.668306428
EC3-6-1-41,0.570548387,0.579574407,0.669906647
EC1-18-6-1,0.239993598,0.581076037,0.671241704
EC4-1-2-5,-0.357831897,0.581420375,0.671241704
EC2-4-2-10,0.0711447,0.581864622,0.671355677
EC3-2-1-24,0.453918617,0.582277663,0.671433531
EC2-1-2-11,-0.121144207,0.583254289,0.672160785
EC2-6-1-1,0.187372111,0.588432956,0.676703661
EC2-7-1-105,0.293334689,0.588937669,0.676703661
EC3-1-3-46,0.293334689,0.588937669,0.676703661
EC3-5-1-26,-0.357116598,0.58842783,0.676703661
EC4-1-99-17,0.094997673,0.588006039,0.676703661
EC3-1-21-5,-0.439217978,0.590456313,0.677733706
EC6-3-4-5,0.083192528,0.590531737,0.677733706
EC3-2-1-85,0.394051006,0.592698816,0.679819244
EC1-1-1-292,0.160338953,0.594385626,0.680950042
EC3-4-23-36,0.057636837,0.594107903,0.680950042
EC2-6-1-90,0.25726388,0.59699362,0.683441153
EC6-3-1-5,0.21305379,0.59726355,0.683441153
EC2-3-1-85,-0.28636594,0.597681748,0.683517149
EC3-1-3-11,0.075195081,0.598822769,0.6844192
EC1-19-1-1,0.216006292,0.602785157,0.688542951
EC4-1-1-19,-0.102716021,0.604062467,0.689596576
EC2-6-1-82,0.499065494,0.606407297,0.691866928
EC2-4-1-301,0.277177512,0.609245938,0.694290239
EC3-5-1-108,0.169869244,0.608912004,0.694290239
EC3-4-21-102,-0.137786729,0.610014131,0.69475818
EC3-1-1-83,0.317401064,0.611990103,0.696600334
EC1-3-1-1,0.398549821,0.612920048,0.696683338
EC2-3-3-16,0.608487609,0.613138707,0.696683338
EC2-4-1-57,0.206123198,0.612820126,0.696683338
EC2-7-7-70,0.312810636,0.614694945,0.698043412
EC4-3-1-2,-0.218097577,0.617005358,0.700257833
EC2-3-1-28,0.204818912,0.618828335,0.701507267
EC2-5-1-19,0.051325326,0.618497138,0.701507267
EC2-4-1-18,-0.051427254,0.620744948,0.703269641
EC2-3-1-181,-0.250260758,0.623987094,0.706530841
EC3-2-1-50,0.376791103,0.624425043,0.706614944
EC5-3-1-5,-0.274513366,0.625200541,0.707080704
EC1-1-1-122,-0.327923274,0.626040341,0.707207199
EC2-5-1-94,0.413086113,0.625725853,0.707207199
EC2-7-2-11,0.042399546,0.627293777,0.708211394
EC3-6-4-12,0.040148922,0.62775123,0.708316284
EC1-3-1-14,0.361436075,0.628622832,0.70888808
EC3-4-15-5,0.255610726,0.62989083,0.709494424
EC4-1-2-19,-0.121460629,0.62974825,0.709494424
EC3-5-3-8,0.384841395,0.63277155,0.712326258
EC5-1-1-20,0.302198059,0.636668277,0.716297893
EC2-7-1-23,0.038472317,0.644540568,0.72473514
EC1-3-8-1,-0.141394371,0.645321786,0.725071654
EC3-6-3-54,0.303321189,0.645658953,0.725071654
EC4-2-2-7,-0.339839602,0.645959359,0.725071654
EC2-3-3-13,0.047131372,0.646671662,0.725452101
EC2-3-1-129,0.159201786,0.649363742,0.727701841
EC5-4-99-26,-0.386545305,0.649426142,0.727701841
EC4-2-1-19,0.060007479,0.650115072,0.72805394
EC6-2-1-14,0.40244412,0.651092856,0.728728928
EC4-2-1-115,0.25926566,0.653675886,0.73119876
EC3-2-1-145,0.125919465,0.655245008,0.73253225
EC2-4-1-291,0.252911341,0.658130557,0.735335061
EC3-2-1-99,-0.194023176,0.658556012,0.735387546
EC1-5-3-1,-0.327178911,0.661030621,0.737726879
EC1-6-5-3,0.186326559,0.661879525,0.73825024
EC4-2-1-70,0.168632797,0.663801361,0.739969045
EC1-14-13-81,0.336033547,0.664881196,0.7407478
EC2-4-99-12,-0.361023592,0.667801373,0.743574824
EC6-3-4-3,0.068903685,0.670568298,0.746228066
EC2-7-1-144,0.072989575,0.671429901,0.746759186
EC1-1-1-53,-0.194205194,0.675476911,0.750830456
EC3-1-4-55,0.253145401,0.676049529,0.751037298
EC3-2-1-28,0.447921835,0.676836786,0.751482215
EC4-1-3-3,0.115400908,0.679747684,0.754283124
EC2-7-4-26,-0.07534618,0.680746379,0.754394892
EC3-5-2-7,0.185698552,0.680494703,0.754394892
EC7-1-3-1,0.355653667,0.681013196,0.754394892
EC6-3-2-8,-0.041473621,0.682257941,0.755343123
EC2-7-1-63,-0.23188072,0.684030377,0.756874158
EC2-7-11-1,0.047369081,0.686483158,0.75915582
EC3-2-1-80,0.19083931,0.687941206,0.760335474
EC3-4-14-4,-0.254962644,0.693751792,0.766321622
EC6-1-1-24,0.19054003,0.694183658,0.766362982
EC3-2-1-131,0.273456823,0.697632397,0.768859754
EC3-5-4-19,-0.041815137,0.697547748,0.768859754
EC4-1-1-82,-0.341122365,0.696854327,0.768859754
EC3-2-1-1,-0.109743914,0.699205369,0.77015648
EC2-5-1-74,-0.161778066,0.69962793,0.770185307
EC6-4-1-3,0.179755611,0.700675051,0.770901259
EC3-5-4-31,-0.186376657,0.70604098,0.776365379
EC4-99-1-4,0.214067351,0.708822461,0.778983055
EC3-4-13-21,-0.21954271,0.710940109,0.780868645
EC2-3-1-29,0.112908948,0.71250476,0.781893222
EC2-7-1-50,0.066551317,0.713080179,0.781893222
EC3-8-1-8,0.320515231,0.712938299,0.781893222
EC2-1-1-164,-0.205689723,0.714763914,0.782855854
EC3-1-3-4,-0.246500972,0.714650495,0.782855854
EC3-5-2-17,0.379084758,0.715706974,0.783447127
EC2-5-1-9,-0.089742188,0.716717059,0.784111062
EC1-8-4-8,0.363960866,0.719202761,0.785503633
EC2-1-1-190,0.121588077,0.718819485,0.785503633
EC2-5-1-84,-0.265692896,0.718721277,0.785503633
EC2-1-1-156,-0.133297363,0.721101155,0.787134575
EC2-1-2-3,-0.051148403,0.723240107,0.789026125
EC1-2-1-38,-0.048238612,0.724489425,0.78994554
EC2-1-1-132,0.168641923,0.72658858,0.790902863
EC3-4-21-110,0.191948439,0.725813034,0.790902863
EC3-6-4-6,-0.279400552,0.726558935,0.790902863
EC2-3-1-180,0.038006713,0.727028096,0.790938181
EC3-1-2-27,0.084757868,0.727715987,0.791092908
EC6-3-4-20,-0.090303245,0.727984621,0.791092908
EC1-3-99-22,0.082668309,0.729648334,0.792457637
EC1-3-1-2,-0.222809606,0.732262938,0.793903076
EC3-2-1-3,-0.214111876,0.732422804,0.793903076
EC4-2-2-23,-0.243357178,0.732613595,0.793903076
EC6-3-2-38,0.219616609,0.732403925,0.793903076
EC2-6-1-83,-0.042459443,0.734000941,0.794963115
EC6-3-4-19,0.037371549,0.734698963,0.795275813
EC2-7-8-5,0.072461064,0.737138012,0.797471692
EC3-5-4-10,0.052107166,0.737626614,0.797556211
EC3-1-3-25,0.090573714,0.740448853,0.800162471
EC2-7-7-22,-0.255325237,0.741118907,0.800258436
EC3-4-22-40,-0.300805767,0.741361392,0.800258436
EC2-7-1-193,0.211734619,0.742180685,0.800697984
EC2-7-4-16,0.110881884,0.742821361,0.800944453
EC1-3-99-5,-0.207392936,0.744192769,0.801667229
EC2-2-1-7,-0.037195398,0.744729464,0.801667229
EC2-3-1-128,0.176310104,0.744429286,0.801667229
EC2-4-1-250,0.170147163,0.74562695,0.802188906
EC3-2-1-15,0.266631938,0.751058403,0.807585211
EC1-1-1-304,0.25779461,0.753224948,0.809019389
EC4-2-1-91,0.187669879,0.753141709,0.809019389
EC6-3-1-19,0.222601846,0.75375273,0.80913898
EC3-1-26-5,0.037965527,0.757966069,0.81321263
EC2-5-1-49,-0.07406041,0.759788675,0.81471821
EC1-1-1-58,-0.055925403,0.761878073,0.816508051
EC1-1-1-81,-0.318922314,0.763112339,0.817379975
EC2-4-99-16,0.172357393,0.763781848,0.817402961
EC3-4-21-108,-0.189307762,0.763975181,0.817402961
EC3-6-3-16,0.269809014,0.76782956,0.821074758
EC3-2-1-21,0.065472284,0.768880811,0.821746654
EC1-3-5-2,0.179618744,0.769942155,0.822428591
EC1-7-1-13,-0.081677748,0.772134638,0.824186103
EC3-2-1-31,-0.09418219,0.772435869,0.824186103
EC2-7-4-9,-0.068258118,0.773792233,0.825180191
EC2-1-1-197,-0.069458443,0.779553606,0.83041264
EC3-2-1-25,0.242506248,0.779172205,0.83041264
EC3-6-1-55,0.080907634,0.781309164,0.831826688
EC6-3-2-13,-0.03922614,0.781936082,0.832038229
EC6-1-1-2,0.038139639,0.782598569,0.832287367
EC1-1-1-23,0.034389823,0.783953085,0.833271796
EC2-1-1-113,0.213210227,0.790387216,0.839651373
EC5-1-3-24,0.198262496,0.793978764,0.843005868
EC1-4-1-3,-0.163289706,0.797327383,0.846098911
EC1-8-2-3,0.13255681,0.798912421,0.846855884
EC2-1-1-226,-0.069932867,0.798545844,0.846855884
EC2-5-1-3,-0.034920994,0.804038086,0.851824428
EC6-1-1-11,-0.038724301,0.806826165,0.854312392
EC5-4-99-5,-0.105193247,0.808441143,0.855556177
EC2-7-1-48,0.024735236,0.809049162,0.855733544
EC1-1-1-355,0.122963898,0.811123728,0.856063772
EC2-7-11-17,0.088485336,0.810067327,0.856063772
EC4-1-2-50,0.071462967,0.810297891,0.856063772
EC7-2-4-2,0.064705127,0.810722597,0.856063772
EC2-7-7-41,0.021211755,0.81710917,0.861354642
EC3-2-1-179,0.194936068,0.81824294,0.861354642
EC4-1-1-70,-0.036678654,0.817931286,0.861354642
EC4-2-1-11,-0.022385595,0.818353406,0.861354642
EC5-3-3-3,0.140531567,0.817326061,0.861354642
EC4-2-1-45,0.150727251,0.819350939,0.861937668
EC2-3-3-5,-0.177334827,0.82020247,0.862366558
EC3-1-3-104,0.169289754,0.821289344,0.862575781
EC3-2-1-20,-0.129159408,0.821096095,0.862575781
EC2-4-1-303,-0.104755409,0.824219739,0.864682076
EC2-7-1-56,0.207893381,0.82507492,0.864682076
EC2-7-7-10,-0.166842317,0.82463381,0.864682076
EC3-1-1-41,0.219106778,0.824147546,0.864682076
EC1-4-1-1,-0.103426479,0.828868953,0.867722185
EC3-1-3-68,0.181359258,0.828613129,0.867722185
EC3-4-21-89,0.026530433,0.829489503,0.867904202
EC1-5-1-5,0.021132266,0.830901177,0.868515498
EC2-4-2-17,0.025266021,0.831414733,0.868515498
EC6-3-4-6,0.125319361,0.83128822,0.868515498
EC1-1-1-133,-0.030455593,0.831947748,0.868605306
EC5-4-99-1,-0.183223003,0.833079612,0.869319918
EC3-1-3-2,0.1309148,0.83445386,0.869675424
EC4-1-99-1,-0.207135028,0.834763081,0.869675424
EC4-7-1-1,0.200096117,0.834135142,0.869675424
EC3-2-1-64,-0.152964617,0.836153781,0.870657447
EC2-7-7-63,-0.15976391,0.836876262,0.870942998
EC3-3-1-1,0.06266632,0.847002003,0.881009043
EC3-6-3-40,-0.045878739,0.848956831,0.882569889
EC6-3-4-15,0.020449961,0.849439171,0.882599096
EC3-1-3-45,-0.130194729,0.853295432,0.885658667
EC3-2-1-23,0.030542877,0.853259504,0.885658667
EC2-4-1-54,0.134830621,0.860401962,0.89208165
EC7-1-2-2,0.023504374,0.860314007,0.89208165
EC4-6-1-1,-0.135781629,0.862711114,0.89399877
EC3-5-4-12,-0.08223025,0.863855676,0.894707664
EC2-4-1-1,0.019969365,0.867066611,0.897554834
EC2-6-1-9,0.019646616,0.870554889,0.900685916
EC3-6-3-42,0.140156013,0.871547561,0.901233056
EC2-7-1-130,0.052812368,0.873875129,0.903020035
EC3-6-3-34,0.071273049,0.874444307,0.903020035
EC6-3-2-9,-0.012354497,0.874669946,0.903020035
EC1-1-1-86,-0.017182171,0.875550784,0.903373656
EC3-1-1-72,-0.152092813,0.87594234,0.903373656
EC1-2-1-11,0.021537834,0.877626752,0.904630652
EC2-4-2-43,0.14563566,0.881015555,0.907642218
EC3-1-3-3,-0.040568619,0.888377317,0.914256952
EC3-2-1-49,-0.108367691,0.887929513,0.914256952
EC4-6-1-12,0.012526025,0.892432843,0.917944423
EC1-17-7-1,0.152043414,0.896747599,0.921525116
EC2-1-1-80,-0.085439894,0.896915543,0.921525116
EC5-1-3-23,-0.093437334,0.897336861,0.921525116
EC3-5-1-82,0.077214922,0.90103508,0.924345913
EC3-8-1-5,0.065780695,0.900973374,0.924345913
EC2-7-7-38,0.041552753,0.902011935,0.924859731
EC2-1-1-177,-0.009931877,0.90841624,0.930934998
EC3-2-1-185,-0.077476839,0.915329331,0.937524982
EC4-2-1-68,0.053202077,0.916174064,0.937895789
EC2-4-2-1,0.008875152,0.917631932,0.938893546
EC3-1-26-11,0.020086346,0.91855852,0.93934695
EC1-4-4-2,-0.033083059,0.919743259,0.94006373
EC2-7-1-180,-0.011316038,0.920312407,0.940150897
EC5-2-1-8,0.007807542,0.923784054,0.94320148
EC3-2-1-51,-0.052802823,0.925907065,0.944376602
EC6-3-2-49,-0.072679277,0.92568566,0.944376602
EC2-7-7-64,0.027716737,0.927635232,0.945146962
EC6-3-2-6,0.008364004,0.927233694,0.945146962
EC4-4-1-21,-0.009489938,0.928746306,0.945783057
EC2-1-1-33,-0.009093024,0.932871359,0.949486145
EC1-18-1-6,0.049650967,0.934040499,0.950178372
EC2-1-1-208,0.038879586,0.938742987,0.954462388
EC2-1-1-199,0.007997479,0.941524687,0.955790213
EC2-7-1-49,0.017728025,0.941075517,0.955790213
EC2-7-7-62,-0.032708743,0.94067138,0.955790213
EC2-7-1-172,0.035568957,0.944514061,0.958324188
EC2-7-10-2,-0.020307515,0.947656032,0.960508957
EC3-5-3-18,-0.047681437,0.947537982,0.960508957
EC1-4-3-5,0.036696703,0.951596822,0.963497981
EC4-1-1-11,0.012102006,0.951127593,0.963497981
EC1-16-3-1,-0.04237326,0.953306834,0.964726655
EC3-1-3-73,0.013229688,0.954641968,0.96557488
EC2-5-1-55,0.016678475,0.95921465,0.969695143
EC1-4-1-2,-0.031836708,0.961294982,0.970283714
EC2-3-2-6,-0.021611484,0.960736131,0.970283714
EC3-1-6-8,-0.035479494,0.961236718,0.970283714
EC2-3-1-94,0.021421689,0.963963035,0.972471536
EC3-4-22-37,0.006305949,0.967952951,0.975989925
EC6-2-1-1,0.038967331,0.969734655,0.977279271
EC2-7-1-90,0.005956665,0.970686777,0.977731679
EC3-2-1-41,0.012928338,0.971377548,0.977920506
EC1-4-1-21,0.023252774,0.975040058,0.980591529
EC4-2-1-167,-0.014017903,0.9747271,0.980591529
EC1-1-1-34,0.018737391,0.97714372,0.981488475
EC1-2-7-7,0.020861589,0.977447349,0.981488475
EC5-1-3-3,-0.003899826,0.977297174,0.981488475
EC5-1-3-10,0.009587197,0.984189017,0.987747552
EC2-4-1-293,-0.009350461,0.9847001,0.987750281
EC1-2-1-62,-0.010015878,0.987039179,0.98958572
EC3-1-3-37,0.006604209,0.988020831,0.990059038
EC1-8-1-14,0.004173051,0.991541432,0.992563113
EC3-6-1-23,-0.001272604,0.991455257,0.992563113
EC6-5-1-1,0.002168255,0.997714686,0.998228442
EC1-7-2-2,0.001379464,0.998780018,0.998780018
